split,index,case_id,source,image_path,mask_path,image_exists,mask_exists,image_shape,mask_shape,image_dim0,image_dim1,image_dim2,mask_dim0,mask_dim1,mask_dim2,image_voxels,mask_voxels,image_spacing,mask_spacing,shape_match,has_label,positive_voxels,total_voxels,positive_ratio,error
train_new,0,IU9,IU,data\images\IU9.nii.gz,data\masks\cyst_iu_9.nii.gz,True,True,320x260x35,320x260x35,320,260,35,320,260,35,2912000,2912000,1x1x7.2,1x1x7.2,True,True,523,2912000,0.00017960164835164835,
train_new,1,NU39,NU,data\images\NU39.nii.gz,data\masks\cyst_nu_39.nii.gz,True,True,320x320x52,320x320x52,320,320,52,320,320,52,5324800,5324800,1.25x1.25x5,1.25x1.25x5,True,True,114,5324800,2.1409254807692308e-05,
train_new,2,NYU0095,NYU,data\images\NYU0095.nii.gz,data\masks\cyst_nyu_0095.nii.gz,True,True,320x290x41,320x290x41,320,290,41,320,290,41,3804800,3804800,1.17188x1.17188x6,1.17188x1.17188x6,True,True,3820,3804800,0.0010039949537426409,
train_new,3,NYU0159,NYU,data\images\NYU0159.nii.gz,data\masks\cyst_nyu_0159.nii.gz,True,True,256x256x54,256x256x54,256,256,54,256,256,54,3538944,3538944,1.36719x1.36719x4.4,1.36719x1.36719x4.4,True,True,1158,3538944,0.00032721625434027775,
train_new,4,NU72,NU,data\images\NU72.nii.gz,data\masks\cyst_nu_72.nii.gz,True,True,512x460x32,512x460x32,512,460,32,512,460,32,7536640,7536640,0.7826x0.7826x7,0.7826x0.7826x7,True,True,769,7536640,0.00010203485903532609,
train_new,5,NU76,NU,data\images\NU76.nii.gz,data\masks\cyst_nu_76.nii.gz,True,True,320x250x32,320x250x32,320,250,32,320,250,32,2560000,2560000,1.125x1.125x7.2,1.125x1.125x7.2,True,True,353,2560000,0.000137890625,
train_new,6,EMC007,EMC,data\images\EMC007.nii.gz,data\masks\cyst_emc_007.nii.gz,True,True,512x512x33,512x512x33,512,512,33,512,512,33,8650752,8650752,0.7617x0.7617x6.6,0.7617x0.7617x6.6,True,True,1819,8650752,0.0002102707371567235,
train_new,7,NU69,NU,data\images\NU69.nii.gz,data\masks\cyst_nu_69.nii.gz,True,True,320x240x40,320x240x40,320,240,40,320,240,40,3072000,3072000,1.15625x1.15625x6,1.15625x1.15625x6,True,True,131,3072000,4.2643229166666666e-05,
train_new,8,NU77,NU,data\images\NU77.nii.gz,data\masks\cyst_nu_77.nii.gz,True,True,256x208x62,256x208x62,256,208,62,256,208,62,3301376,3301376,1.75781x1.75781x5,1.75781x1.75781x5,True,True,682,3301376,0.00020658052884615384,
train_new,9,NU101,NU,data\images\NU101.nii.gz,data\masks\cyst_nu_101.nii.gz,True,True,512x328x50,512x328x50,512,328,50,512,328,50,8396800,8396800,0.78125x0.78125x5,0.78125x0.78125x5,True,True,2659,8396800,0.00031666825457317074,
train_new,10,IU3,IU,data\images\IU3.nii.gz,data\masks\cyst_iu_3.nii.gz,True,True,512x512x47,512x512x47,512,512,47,512,512,47,12320768,12320768,0.7813x0.7813x6,0.7813x0.7813x6,True,True,4233,12320768,0.0003435662452210771,
train_new,11,NU59,NU,data\images\NU59.nii.gz,data\masks\cyst_nu_59.nii.gz,True,True,320x310x58,320x310x58,320,310,58,320,310,58,5753600,5753600,1.25x1.25x5,1.25x1.25x5,True,True,73,5753600,1.2687708565072302e-05,
train_new,12,NYU0029,NYU,data\images\NYU0029.nii.gz,data\masks\cyst_nyu_0029.nii.gz,True,True,512x512x60,512x512x60,512,512,60,512,512,60,15728640,15728640,0.8203x0.8203x4,0.8203x0.8203x4,True,True,11700,15728640,0.000743865966796875,
train_new,13,IU42,IU,data\images\IU42.nii.gz,data\masks\cyst_iu_42.nii.gz,True,True,512x416x36,512x416x36,512,416,36,512,416,36,7667712,7667712,0.703125x0.703125x6.6,0.703125x0.703125x6.6,True,True,3241,7667712,0.00042268149873130344,
train_new,14,CAD234,CAD,data\images\CAD234.nii.gz,data\masks\cyst_cad_234.nii.gz,True,True,256x256x30,256x256x30,256,256,30,256,256,30,1966080,1966080,0.9375x0.9375x4.4,0.9375x0.9375x4.4,True,True,8899,1966080,0.004526265462239583,
train_new,15,NYU0096,NYU,data\images\NYU0096.nii.gz,data\masks\cyst_nyu_0096.nii.gz,True,True,320x260x43,320x260x43,320,260,43,320,260,43,3577600,3577600,1.09375x1.09375x6,1.09375x1.09375x6,True,True,5924,3577600,0.0016558586762075134,
train_new,16,CAD175,CAD,data\images\CAD175.nii.gz,data\masks\cyst_cad_175.nii.gz,True,True,256x256x34,256x256x34,256,256,34,256,256,34,2228224,2228224,0.9375x0.9375x3.3,0.9375x0.9375x3.3,True,True,4306,2228224,0.0019324807559742646,
train_new,17,CAD230,CAD,data\images\CAD230.nii.gz,data\masks\cyst_cad_230.nii.gz,True,True,256x256x29,256x256x29,256,256,29,256,256,29,1900544,1900544,1.09375x1.09375x4.4,1.09375x1.09375x4.4,True,True,3979,1900544,0.002093611092403017,
train_new,18,EMC033,EMC,data\images\EMC033.nii.gz,data\masks\cyst_emc_033.nii.gz,True,True,512x512x37,512x512x37,512,512,37,512,512,37,9699328,9699328,0.918x0.918x6.59999,0.918x0.918x6.59999,True,True,310,9699328,3.1960977090371624e-05,
train_new,19,NU16,NU,data\images\NU16.nii.gz,data\masks\cyst_nu_16.nii.gz,True,True,320x260x44,320x260x44,320,260,44,320,260,44,3660800,3660800,1.25x1.25x6,1.25x1.25x6,True,True,2524,3660800,0.0006894667832167832,
train_new,20,NYU0149,NYU,data\images\NYU0149.nii.gz,data\masks\cyst_nyu_0149.nii.gz,True,True,320x320x37,320x320x37,320,320,37,320,320,37,3788800,3788800,1.09375x1.09375x6,1.09375x1.09375x6,True,True,637,3788800,0.00016812711148648648,
train_new,21,NU169,NU,data\images\NU169.nii.gz,data\masks\cyst_nu_169.nii.gz,True,True,320x280x52,320x280x52,320,280,52,320,280,52,4659200,4659200,1.09375x1.09375x5,1.09375x1.09375x5,True,True,3982,4659200,0.0008546531593406593,
train_new,22,NU15,NU,data\images\NU15.nii.gz,data\masks\cyst_nu_15.nii.gz,True,True,320x280x52,320x280x52,320,280,52,320,280,52,4659200,4659200,1.25x1.25x5,1.25x1.25x5,True,True,1305,4659200,0.00028009100274725273,
train_new,23,MCA45,MCA,data\images\MCA45.nii.gz,data\masks\cyst_mca_45.nii.gz,True,True,512x512x39,512x512x39,512,512,39,512,512,39,10223616,10223616,0.7227x0.7227x7,0.7227x0.7227x7,True,True,4729,10223616,0.00046255649664463143,
train_new,24,MCF42,MCF,data\images\MCF42.nii.gz,data\masks\cyst_mcf_42.nii.gz,True,True,320x320x30,320x320x30,320,320,30,320,320,30,3072000,3072000,0.9375x0.9375x4.4,0.9375x0.9375x4.4,True,True,365,3072000,0.00011881510416666667,
train_new,25,IU40,IU,data\images\IU40.nii.gz,data\masks\cyst_iu_40.nii.gz,True,True,512x416x36,512x416x36,512,416,36,512,416,36,7667712,7667712,0.703125x0.703125x6.6,0.703125x0.703125x6.6,True,True,4019,7667712,0.0005241459251469017,
train_new,26,NYU0022,NYU,data\images\NYU0022.nii.gz,data\masks\cyst_nyu_0022.nii.gz,True,True,320x320x34,320x320x34,320,320,34,320,320,34,3481600,3481600,1.1875x1.1875x5,1.1875x1.1875x5,True,True,24,3481600,6.893382352941177e-06,
train_new,27,NU34,NU,data\images\NU34.nii.gz,data\masks\cyst_nu_34.nii.gz,True,True,320x260x36,320x260x36,320,260,36,320,260,36,2995200,2995200,1.25x1.25x7.2,1.25x1.25x7.2,True,True,394,2995200,0.0001315438034188034,
train_new,28,CAD139,CAD,data\images\CAD139.nii.gz,data\masks\cyst_cad_139.nii.gz,True,True,256x256x40,256x256x40,256,256,40,256,256,40,2621440,2621440,1.17188x1.17188x4.4,1.17188x1.17188x4.4,True,True,6049,2621440,0.0023075103759765624,
train_new,29,CAD232,CAD,data\images\CAD232.nii.gz,data\masks\cyst_cad_232.nii.gz,True,True,256x256x30,256x256x30,256,256,30,256,256,30,1966080,1966080,1.09375x1.09375x4.4,1.09375x1.09375x4.4,True,True,2502,1966080,0.0012725830078125,
train_new,30,NU89,NU,data\images\NU89.nii.gz,data\masks\cyst_nu_89.nii.gz,True,True,512x512x24,512x512x24,512,512,24,512,512,24,6291456,6291456,0.7031x0.7031x9,0.7031x0.7031x9,True,True,952,6291456,0.00015131632486979166,
train_new,31,CAD295,CAD,data\images\CAD295.nii.gz,data\masks\cyst_cad_295.nii.gz,True,True,256x256x44,256x256x44,256,256,44,256,256,44,2883584,2883584,1.13281x1.13281x4.39999,1.13281x1.13281x4.39999,True,True,1420,2883584,0.0004924427379261364,
train_new,32,MCF16,MCF,data\images\MCF16.nii.gz,data\masks\cyst_mcf_16.nii.gz,True,True,320x320x40,320x320x40,320,320,40,320,320,40,4096000,4096000,0.90625x0.90625x4.4,0.90625x0.90625x4.4,True,True,2185,4096000,0.000533447265625,
train_new,33,NYU0142,NYU,data\images\NYU0142.nii.gz,data\masks\cyst_nyu_0142.nii.gz,True,True,320x320x37,320x320x37,320,320,37,320,320,37,3788800,3788800,1.09375x1.09375x6.00001,1.09375x1.09375x6.00001,True,True,592,3788800,0.00015625,
train_new,34,NYU0075,NYU,data\images\NYU0075.nii.gz,data\masks\cyst_nyu_0075.nii.gz,True,True,320x320x46,320x320x46,320,320,46,320,320,46,4710400,4710400,1.40625x1.40625x6,1.40625x1.40625x6,True,True,333,4710400,7.069463315217392e-05,
train_new,35,NYU0137,NYU,data\images\NYU0137.nii.gz,data\masks\cyst_nyu_0137.nii.gz,True,True,256x208x62,256x208x62,256,208,62,256,208,62,3301376,3301376,1.26953x1.26953x4.4,1.26953x1.26953x4.4,True,True,456,3301376,0.00013812422456575683,
train_new,36,IU37,IU,data\images\IU37.nii.gz,data\masks\cyst_iu_37.nii.gz,True,True,512x416x45,512x416x45,512,416,45,512,416,45,9584640,9584640,0.78125x0.78125x7.2,0.78125x0.78125x7.2,True,True,561,9584640,5.853114983974359e-05,
train_new,37,NU149,NU,data\images\NU149.nii.gz,data\masks\cyst_nu_149.nii.gz,True,True,320x260x52,320x260x52,320,260,52,320,260,52,4326400,4326400,1.25x1.25x6,1.25x1.25x6,True,True,1122,4326400,0.0002593380177514793,
train_new,38,EMC018,EMC,data\images\EMC018.nii.gz,data\masks\cyst_emc_018.nii.gz,True,True,512x512x31,512x512x31,512,512,31,512,512,31,8126464,8126464,0.8984x0.8984x6.6,0.8984x0.8984x6.6,True,True,878,8126464,0.00010804207094254033,
train_new,39,AHN75,AHN,data\images\AHN75.nii.gz,data\masks\cyst_ahn_75.nii.gz,True,True,256x208x33,256x208x33,256,208,33,256,208,33,1757184,1757184,1.48438x1.48438x6,1.48438x1.48438x6,True,True,2899,1757184,0.001649798768939394,
train_new,40,CAD149,CAD,data\images\CAD149.nii.gz,data\masks\cyst_cad_149.nii.gz,True,True,256x256x36,256x256x36,256,256,36,256,256,36,2359296,2359296,1.17188x1.17188x4.39999,1.17188x1.17188x4.39999,True,True,1457,2359296,0.0006175571017795139,
train_new,41,CAD297,CAD,data\images\CAD297.nii.gz,data\masks\cyst_cad_297.nii.gz,True,True,256x256x36,256x256x36,256,256,36,256,256,36,2359296,2359296,1.13281x1.13281x4.39999,1.13281x1.13281x4.39999,True,True,1862,2359296,0.0007892184787326389,
train_new,42,CAD174,CAD,data\images\CAD174.nii.gz,data\masks\cyst_cad_174.nii.gz,True,True,256x256x40,256x256x40,256,256,40,256,256,40,2621440,2621440,1.01562x1.01562x3.3,1.01562x1.01562x3.3,True,True,473,2621440,0.0001804351806640625,
train_new,43,AHN16,AHN,data\images\AHN16.nii.gz,data\masks\cyst_ahn_16.nii.gz,True,True,320x320x27,320x320x27,320,320,27,320,320,27,2764800,2764800,1.125x1.125x7.5,1.125x1.125x7.5,True,True,209,2764800,7.55931712962963e-05,
train_new,44,NYU0130,NYU,data\images\NYU0130.nii.gz,data\masks\cyst_nyu_0130.nii.gz,True,True,320x320x50,320x320x50,320,320,50,320,320,50,5120000,5120000,1.40625x1.40625x6,1.40625x1.40625x6,True,True,10628,5120000,0.00207578125,
train_new,45,NU153,NU,data\images\NU153.nii.gz,data\masks\cyst_nu_153.nii.gz,True,True,320x256x50,320x256x50,320,256,50,320,256,50,4096000,4096000,1.1875x1.1875x6,1.1875x1.1875x6,True,True,133,4096000,3.2470703125e-05,
train_new,46,NU118,NU,data\images\NU118.nii.gz,data\masks\cyst_nu_118.nii.gz,True,True,320x320x56,320x320x56,320,320,56,320,320,56,5734400,5734400,1.1875x1.1875x5,1.1875x1.1875x5,True,True,797,5734400,0.00013898577008928571,
train_new,47,NU26,NU,data\images\NU26.nii.gz,data\masks\cyst_nu_26.nii.gz,True,True,320x260x45,320x260x45,320,260,45,320,260,45,3744000,3744000,1.25x1.25x6,1.25x1.25x6,True,True,69,3744000,1.842948717948718e-05,
train_new,48,IU62,IU,data\images\IU62.nii.gz,data\masks\cyst_iu_62.nii.gz,True,True,512x512x35,512x512x35,512,512,35,512,512,35,9175040,9175040,0.771484x0.771484x6.6,0.771484x0.771484x6.6,True,True,10527,9175040,0.0011473519461495535,
train_new,49,MCA124,MCA,data\images\MCA124.nii.gz,data\masks\cyst_mca_124.nii.gz,True,True,512x512x33,512x512x33,512,512,33,512,512,33,8650752,8650752,0.7031x0.7031x9,0.7031x0.7031x9,True,True,548,8650752,6.334709398674242e-05,
train_new,50,MCA126,MCA,data\images\MCA126.nii.gz,data\masks\cyst_mca_126.nii.gz,True,True,512x512x40,512x512x40,512,512,40,512,512,40,10485760,10485760,0.7813x0.7813x7,0.7813x0.7813x7,True,True,2453,10485760,0.00023393630981445314,
train_new,51,NYU0032,NYU,data\images\NYU0032.nii.gz,data\masks\cyst_nyu_0032.nii.gz,True,True,256x256x55,256x256x55,256,256,55,256,256,55,3604480,3604480,1.46484x1.46484x4.4,1.46484x1.46484x4.4,True,True,5517,3604480,0.0015305952592329546,
train_new,52,IU23,IU,data\images\IU23.nii.gz,data\masks\cyst_iu_23.nii.gz,True,True,336x336x28,336x336x28,336,336,28,336,336,28,3161088,3161088,1.14583x1.14583x8,1.14583x1.14583x8,True,True,687,3161088,0.00021733023566569484,
train_new,53,IU12,IU,data\images\IU12.nii.gz,data\masks\cyst_iu_12.nii.gz,True,True,320x260x35,320x260x35,320,260,35,320,260,35,2912000,2912000,1.125x1.125x7.2,1.125x1.125x7.2,True,True,810,2912000,0.0002781593406593407,
train_new,54,CAD255,CAD,data\images\CAD255.nii.gz,data\masks\cyst_cad_255.nii.gz,True,True,256x256x30,256x256x30,256,256,30,256,256,30,1966080,1966080,0.976562x0.976562x4.4,0.976562x0.976562x4.4,True,True,836,1966080,0.0004252115885416667,
train_new,55,EMC012,EMC,data\images\EMC012.nii.gz,data\masks\cyst_emc_012.nii.gz,True,True,512x512x42,512x512x42,512,512,42,512,512,42,11010048,11010048,0.878906x0.878906x6,0.878906x0.878906x6,True,True,11493,11010048,0.0010438646589006697,
train_new,56,CAD226,CAD,data\images\CAD226.nii.gz,data\masks\cyst_cad_226.nii.gz,True,True,256x256x30,256x256x30,256,256,30,256,256,30,1966080,1966080,1.09375x1.09375x4.4,1.09375x1.09375x4.4,True,True,983,1966080,0.0004999796549479167,
train_new,57,CAD315,CAD,data\images\CAD315.nii.gz,data\masks\cyst_cad_315.nii.gz,True,True,256x256x28,256x256x28,256,256,28,256,256,28,1835008,1835008,0.9375x0.9375x4.39999,0.9375x0.9375x4.39999,True,True,10922,1835008,0.005952017647879464,
train_new,58,NYU0143,NYU,data\images\NYU0143.nii.gz,data\masks\cyst_nyu_0143.nii.gz,True,True,256x256x40,256x256x40,256,256,40,256,256,40,2621440,2621440,1.66016x1.66016x6.25001,1.66016x1.66016x6.25001,True,True,261,2621440,9.95635986328125e-05,
train_new,59,NU57,NU,data\images\NU57.nii.gz,data\masks\cyst_nu_57.nii.gz,True,True,320x320x48,320x320x48,320,320,48,320,320,48,4915200,4915200,1.0625x1.0625x5,1.0625x1.0625x5,True,True,868,4915200,0.00017659505208333335,
train_new,60,NYU0018,NYU,data\images\NYU0018.nii.gz,data\masks\cyst_nyu_0018.nii.gz,True,True,256x224x67,256x224x67,256,224,67,256,224,67,3842048,3842048,1.5625x1.5625x4.39999,1.5625x1.5625x4.39999,True,True,8758,3842048,0.0022795134261727077,
train_new,61,CAD160,CAD,data\images\CAD160.nii.gz,data\masks\cyst_cad_160.nii.gz,True,True,256x256x36,256x256x36,256,256,36,256,256,36,2359296,2359296,1.13281x1.13281x4.40001,1.13281x1.13281x4.40001,True,True,2606,2359296,0.0011045667860243055,
train_new,62,IU63,IU,data\images\IU63.nii.gz,data\masks\cyst_iu_63.nii.gz,True,True,320x260x35,320x260x35,320,260,35,320,260,35,2912000,2912000,1.1875x1.1875x7.2,1.1875x1.1875x7.2,True,True,540,2912000,0.00018543956043956045,
train_new,63,EMC073,EMC,data\images\EMC073.nii.gz,data\masks\cyst_emc_073.nii.gz,True,True,256x208x26,256x208x26,256,208,26,256,208,26,1384448,1384448,1.48438x1.48438x7.2,1.48438x1.48438x7.2,True,True,1075,1384448,0.0007764827570266273,
train_new,64,NU113,NU,data\images\NU113.nii.gz,data\masks\cyst_nu_113.nii.gz,True,True,512x512x35,512x512x35,512,512,35,512,512,35,9175040,9175040,0.8398x0.8398x7,0.8398x0.8398x7,True,True,189,9175040,2.0599365234375e-05,
train_new,65,NYU0160,NYU,data\images\NYU0160.nii.gz,data\masks\cyst_nyu_0160.nii.gz,True,True,384x324x53,384x324x53,384,324,53,384,324,53,6594048,6594048,1.17188x1.17188x6,1.17188x1.17188x6,True,True,88,6594048,1.3345368429225872e-05,
train_new,66,MCF38,MCF,data\images\MCF38.nii.gz,data\masks\cyst_mcf_38.nii.gz,True,True,320x320x33,320x320x33,320,320,33,320,320,33,3379200,3379200,0.90625x0.90625x4.4,0.90625x0.90625x4.4,True,True,7063,3379200,0.002090139678030303,
train_new,67,NU64,NU,data\images\NU64.nii.gz,data\masks\cyst_nu_64.nii.gz,True,True,256x192x50,256x192x50,256,192,50,256,192,50,2457600,2457600,1.52344x1.52344x5,1.52344x1.52344x5,True,True,76,2457600,3.092447916666667e-05,
train_new,68,NU127,NU,data\images\NU127.nii.gz,data\masks\cyst_nu_127.nii.gz,True,True,320x260x40,320x260x40,320,260,40,320,260,40,3328000,3328000,1.25x1.25x6,1.25x1.25x6,True,True,58,3328000,1.7427884615384614e-05,
train_new,69,CAD283,CAD,data\images\CAD283.nii.gz,data\masks\cyst_cad_283.nii.gz,True,True,256x256x34,256x256x34,256,256,34,256,256,34,2228224,2228224,1.17188x1.13525x4.4,1.17188x1.13525x4.4,True,True,5589,2228224,0.002508275649126838,
train_new,70,CAD225,CAD,data\images\CAD225.nii.gz,data\masks\cyst_cad_225.nii.gz,True,True,256x256x40,256x256x40,256,256,40,256,256,40,2621440,2621440,1.09375x1.09375x4.4,1.09375x1.09375x4.4,True,True,6157,2621440,0.0023487091064453127,
train_new,71,MCF10,MCF,data\images\MCF10.nii.gz,data\masks\cyst_mcf_10.nii.gz,True,True,320x320x37,320x320x37,320,320,37,320,320,37,3788800,3788800,0.90625x0.90625x4.4,0.90625x0.90625x4.4,True,True,5125,3788800,0.0013526710304054054,
train_new,72,MCF28,MCF,data\images\MCF28.nii.gz,data\masks\cyst_mcf_28.nii.gz,True,True,320x320x34,320x320x34,320,320,34,320,320,34,3481600,3481600,0.90625x0.90625x4.4,0.90625x0.90625x4.4,True,True,10092,3481600,0.0028986672794117647,
train_new,73,CAD228,CAD,data\images\CAD228.nii.gz,data\masks\cyst_cad_228.nii.gz,True,True,256x256x30,256x256x30,256,256,30,256,256,30,1966080,1966080,1.09375x1.09375x4.39999,1.09375x1.09375x4.39999,True,True,12630,1966080,0.0064239501953125,
train_new,74,CAD137,CAD,data\images\CAD137.nii.gz,data\masks\cyst_cad_137.nii.gz,True,True,256x256x30,256x256x30,256,256,30,256,256,30,1966080,1966080,0.9375x0.9375x4.4,0.9375x0.9375x4.4,True,True,32,1966080,1.6276041666666666e-05,
train_new,75,IU51,IU,data\images\IU51.nii.gz,data\masks\cyst_iu_51.nii.gz,True,True,320x260x35,320x260x35,320,260,35,320,260,35,2912000,2912000,1.125x1.125x7.2,1.125x1.125x7.2,True,True,1269,2912000,0.00043578296703296706,
train_new,76,MCF25,MCF,data\images\MCF25.nii.gz,data\masks\cyst_mcf_25.nii.gz,True,True,512x512x32,512x512x32,512,512,32,512,512,32,8388608,8388608,0.7813x0.7813x5.3,0.7813x0.7813x5.3,True,True,44737,8388608,0.005333065986633301,
train_new,77,CAD167,CAD,data\images\CAD167.nii.gz,data\masks\cyst_cad_167.nii.gz,True,True,256x256x24,256x256x24,256,256,24,256,256,24,1572864,1572864,1.01562x1.01562x4.4,1.01562x1.01562x4.4,True,True,119,1572864,7.565816243489583e-05,
train_new,78,EMC009,EMC,data\images\EMC009.nii.gz,data\masks\cyst_emc_009.nii.gz,True,True,512x512x34,512x512x34,512,512,34,512,512,34,8912896,8912896,0.7813x0.7813x6.60001,0.7813x0.7813x6.60001,True,True,30966,8912896,0.003474291633157169,
train_new,79,MCF06,MCF,data\images\MCF06.nii.gz,data\masks\cyst_mcf_06.nii.gz,True,True,320x320x32,320x320x32,320,320,32,320,320,32,3276800,3276800,0.90625x0.90625x4.4,0.90625x0.90625x4.4,True,True,11221,3276800,0.00342437744140625,
train_new,80,EMC030,EMC,data\images\EMC030.nii.gz,data\masks\cyst_emc_030.nii.gz,True,True,512x512x35,512x512x35,512,512,35,512,512,35,9175040,9175040,0.7813x0.7813x6.6,0.7813x0.7813x6.6,True,True,1875,9175040,0.00020435878208705356,
train_new,81,NU41,NU,data\images\NU41.nii.gz,data\masks\cyst_nu_41.nii.gz,True,True,256x256x25,256x256x25,256,256,25,256,256,25,1638400,1638400,1.17188x1.17188x7.8,1.17188x1.17188x7.8,True,True,721,1638400,0.0004400634765625,
train_new,82,CAD250,CAD,data\images\CAD250.nii.gz,data\masks\cyst_cad_250.nii.gz,True,True,256x256x34,256x256x34,256,256,34,256,256,34,2228224,2228224,1.17188x1.17188x4.4,1.17188x1.17188x4.4,True,True,2152,2228224,0.0009657915900735295,
train_new,83,EMC049,EMC,data\images\EMC049.nii.gz,data\masks\cyst_emc_049.nii.gz,True,True,256x256x30,256x256x30,256,256,30,256,256,30,1966080,1966080,1.48438x1.48438x7.2,1.48438x1.48438x7.2,True,True,205,1966080,0.00010426839192708333,
train_new,84,CAD178,CAD,data\images\CAD178.nii.gz,data\masks\cyst_cad_178.nii.gz,True,True,256x256x33,256x256x33,256,256,33,256,256,33,2162688,2162688,1.09375x1.09375x4.4,1.09375x1.09375x4.4,True,True,1449,2162688,0.0006699995561079545,
train_new,85,CAD183,CAD,data\images\CAD183.nii.gz,data\masks\cyst_cad_183.nii.gz,True,True,256x256x30,256x256x30,256,256,30,256,256,30,1966080,1966080,1.09375x1.09375x4.4,1.09375x1.09375x4.4,True,True,962,1966080,0.0004892985026041667,
train_new,86,EMC065,EMC,data\images\EMC065.nii.gz,data\masks\cyst_emc_065.nii.gz,True,True,512x512x42,512x512x42,512,512,42,512,512,42,11010048,11010048,0.878906x0.878906x6,0.878906x0.878906x6,True,True,1654,11010048,0.00015022641136532738,
train_new,87,NYU0039,NYU,data\images\NYU0039.nii.gz,data\masks\cyst_nyu_0039.nii.gz,True,True,256x208x54,256x208x54,256,208,54,256,208,54,2875392,2875392,1.5625x1.5625x4.4,1.5625x1.5625x4.4,True,True,3174,2875392,0.0011038494925213675,
train_new,88,NYU0112,NYU,data\images\NYU0112.nii.gz,data\masks\cyst_nyu_0112.nii.gz,True,True,256x256x60,256x256x60,256,256,60,256,256,60,3932160,3932160,1.5625x1.5625x4.4,1.5625x1.5625x4.4,True,True,1110,3932160,0.00028228759765625,
train_new,89,NYU0119,NYU,data\images\NYU0119.nii.gz,data\masks\cyst_nyu_0119.nii.gz,True,True,256x232x51,256x232x51,256,232,51,256,232,51,3028992,3028992,1.26953x1.26953x4.4,1.26953x1.26953x4.4,True,True,109,3028992,3.598556879648411e-05,
train_new,90,NU144,NU,data\images\NU144.nii.gz,data\masks\cyst_nu_144.nii.gz,True,True,320x310x57,320x310x57,320,310,57,320,310,57,5654400,5654400,1.125x1.125x5,1.125x1.125x5,True,True,67,5654400,1.1849179400113186e-05,
train_new,91,IU45,IU,data\images\IU45.nii.gz,data\masks\cyst_iu_45.nii.gz,True,True,320x260x35,320x260x35,320,260,35,320,260,35,2912000,2912000,1.125x1.125x7.2,1.125x1.125x7.2,True,True,395,2912000,0.00013564560439560439,
train_new,92,NU114,NU,data\images\NU114.nii.gz,data\masks\cyst_nu_114.nii.gz,True,True,320x272x58,320x272x58,320,272,58,320,272,58,5048320,5048320,1.25x1.25x5,1.25x1.25x5,True,True,635,5048320,0.00012578441937119675,
train_new,93,CAD258,CAD,data\images\CAD258.nii.gz,data\masks\cyst_cad_258.nii.gz,True,True,256x256x40,256x256x40,256,256,40,256,256,40,2621440,2621440,1.17188x1.17188x4.4,1.17188x1.17188x4.4,True,True,4593,2621440,0.0017520904541015625,
train_new,94,CAD170,CAD,data\images\CAD170.nii.gz,data\masks\cyst_cad_170.nii.gz,True,True,256x256x34,256x256x34,256,256,34,256,256,34,2228224,2228224,1.09375x1.09375x4.39999,1.09375x1.09375x4.39999,True,True,1282,2228224,0.0005753461052389705,
train_new,95,IU34,IU,data\images\IU34.nii.gz,data\masks\cyst_iu_34.nii.gz,True,True,512x416x45,512x416x45,512,416,45,512,416,45,9584640,9584640,0.703125x0.703125x7.2,0.703125x0.703125x7.2,True,True,8123,9584640,0.0008475018362713675,
train_new,96,NU110,NU,data\images\NU110.nii.gz,data\masks\cyst_nu_110.nii.gz,True,True,256x256x45,256x256x45,256,256,45,256,256,45,2949120,2949120,1.32812x1.32812x5,1.32812x1.32812x5,True,True,146,2949120,4.950629340277778e-05,
train_new,97,CAD313,CAD,data\images\CAD313.nii.gz,data\masks\cyst_cad_313.nii.gz,True,True,256x256x40,256x256x40,256,256,40,256,256,40,2621440,2621440,1.09375x1.09375x4.40001,1.09375x1.09375x4.40001,True,True,15202,2621440,0.005799102783203125,
train_new,98,NYU0049,NYU,data\images\NYU0049.nii.gz,data\masks\cyst_nyu_0049.nii.gz,True,True,320x320x37,320x320x37,320,320,37,320,320,37,3788800,3788800,1.09375x1.09375x6,1.09375x1.09375x6,True,True,771,3788800,0.00020349451013513514,
train_new,99,CAD120,CAD,data\images\CAD120.nii.gz,data\masks\cyst_cad_120.nii.gz,True,True,256x256x30,256x256x30,256,256,30,256,256,30,1966080,1966080,1.09375x1.09375x4.4,1.09375x1.09375x4.4,True,True,174,1966080,8.85009765625e-05,
train_new,100,NYU0033,NYU,data\images\NYU0033.nii.gz,data\masks\cyst_nyu_0033.nii.gz,True,True,320x240x40,320x240x40,320,240,40,320,240,40,3072000,3072000,1.09375x1.09375x3,1.09375x1.09375x3,True,True,1298,3072000,0.00042252604166666664,
train_new,101,NU134,NU,data\images\NU134.nii.gz,data\masks\cyst_nu_134.nii.gz,True,True,320x270x38,320x270x38,320,270,38,320,270,38,3283200,3283200,1.125x1.125x8.10811,1.125x1.125x8.10811,True,True,106,3283200,3.228557504873294e-05,
train_new,102,EMC024,EMC,data\images\EMC024.nii.gz,data\masks\cyst_emc_024.nii.gz,True,True,512x512x39,512x512x39,512,512,39,512,512,39,10223616,10223616,0.8594x0.8594x6.59999,0.8594x0.8594x6.59999,True,True,2387,10223616,0.00023347903520633013,
train_new,103,NYU0065,NYU,data\images\NYU0065.nii.gz,data\masks\cyst_nyu_0065.nii.gz,True,True,256x256x56,256x256x56,256,256,56,256,256,56,3670016,3670016,1.17188x1.17188x4.4,1.17188x1.17188x4.4,True,True,1489,3670016,0.00040572030203683037,
train_new,104,NU104,NU,data\images\NU104.nii.gz,data\masks\cyst_nu_104.nii.gz,True,True,320x248x54,320x248x54,320,248,54,320,248,54,4285440,4285440,1.15625x1.15625x5,1.15625x1.15625x5,True,True,1017,4285440,0.000237315188172043,
train_new,105,NU142,NU,data\images\NU142.nii.gz,data\masks\cyst_nu_142.nii.gz,True,True,320x250x40,320x250x40,320,250,40,320,250,40,3200000,3200000,1.1875x1.1875x6.6,1.1875x1.1875x6.6,True,True,146,3200000,4.5625e-05,
train_new,106,NU190,NU,data\images\NU190.nii.gz,data\masks\cyst_nu_190.nii.gz,True,True,384x288x56,384x288x56,384,288,56,384,288,56,6193152,6193152,0.9375x0.9375x3.59999,0.9375x0.9375x3.59999,True,True,277,6193152,4.4726820849867724e-05,
train_new,107,NU135,NU,data\images\NU135.nii.gz,data\masks\cyst_nu_135.nii.gz,True,True,320x260x33,320x260x33,320,260,33,320,260,33,2745600,2745600,1.09375x1.09375x7.2,1.09375x1.09375x7.2,True,True,109,2745600,3.969988344988345e-05,
train_new,108,NU147,NU,data\images\NU147.nii.gz,data\masks\cyst_nu_147.nii.gz,True,True,320x320x51,320x320x51,320,320,51,320,320,51,5222400,5222400,1.1875x1.1875x5,1.1875x1.1875x5,True,True,270,5222400,5.170036764705882e-05,
train_new,109,IU31,IU,data\images\IU31.nii.gz,data\masks\cyst_iu_31.nii.gz,True,True,320x260x37,320x260x37,320,260,37,320,260,37,3078400,3078400,1.125x1.125x7.2,1.125x1.125x7.2,True,True,1953,3078400,0.0006344204781704782,
train_new,110,MCA30,MCA,data\images\MCA30.nii.gz,data\masks\cyst_mca_30.nii.gz,True,True,512x512x32,512x512x32,512,512,32,512,512,32,8388608,8388608,0.7813x0.7813x7,0.7813x0.7813x7,True,True,4216,8388608,0.0005025863647460938,
train_new,111,NYU0150,NYU,data\images\NYU0150.nii.gz,data\masks\cyst_nyu_0150.nii.gz,True,True,256x256x57,256x256x57,256,256,57,256,256,57,3735552,3735552,1.36719x1.36719x4.4,1.36719x1.36719x4.4,True,True,707,3735552,0.00018926252398574563,
train_new,112,EMC092,EMC,data\images\EMC092.nii.gz,data\masks\cyst_emc_092.nii.gz,True,True,512x512x37,512x512x37,512,512,37,512,512,37,9699328,9699328,0.8203x0.8203x6.59999,0.8203x0.8203x6.59999,True,True,6789,9699328,0.0006999453982791385,
train_new,113,NYU0144,NYU,data\images\NYU0144.nii.gz,data\masks\cyst_nyu_0144.nii.gz,True,True,320x290x43,320x290x43,320,290,43,320,290,43,3990400,3990400,1.09375x1.09375x6.00001,1.09375x1.09375x6.00001,True,True,215,3990400,5.3879310344827585e-05,
train_new,114,NYU0100,NYU,data\images\NYU0100.nii.gz,data\masks\cyst_nyu_0100.nii.gz,True,True,256x256x33,256x256x33,256,256,33,256,256,33,2162688,2162688,1.6406x1.6406x8.00003,1.6406x1.6406x8.00003,True,True,603,2162688,0.0002788196910511364,
train_new,115,NYU0131,NYU,data\images\NYU0131.nii.gz,data\masks\cyst_nyu_0131.nii.gz,True,True,256x192x39,256x192x39,256,192,39,256,192,39,1916928,1916928,1.67969x1.67969x4.8,1.67969x1.67969x4.8,True,True,639,1916928,0.0003333458533653846,
train_new,116,CAD224,CAD,data\images\CAD224.nii.gz,data\masks\cyst_cad_224.nii.gz,True,True,256x256x32,256x256x32,256,256,32,256,256,32,2097152,2097152,1.09375x1.09375x4.39999,1.09375x1.09375x4.39999,True,True,10860,2097152,0.0051784515380859375,
train_new,117,MCF18,MCF,data\images\MCF18.nii.gz,data\masks\cyst_mcf_18.nii.gz,True,True,320x320x42,320x320x42,320,320,42,320,320,42,4300800,4300800,0.90625x0.90625x4.4,0.90625x0.90625x4.4,True,True,1871,4300800,0.00043503534226190476,
train_new,118,CAD269,CAD,data\images\CAD269.nii.gz,data\masks\cyst_cad_269.nii.gz,True,True,256x256x30,256x256x30,256,256,30,256,256,30,1966080,1966080,1.09375x1.09375x4.4,1.09375x1.09375x4.4,True,True,4560,1966080,0.0023193359375,
train_new,119,MCF20,MCF,data\images\MCF20.nii.gz,data\masks\cyst_mcf_20.nii.gz,True,True,320x320x36,320x320x36,320,320,36,320,320,36,3686400,3686400,0.90625x0.90625x4.4,0.90625x0.90625x4.4,True,True,46394,3686400,0.012585177951388889,
train_new,120,CAD219,CAD,data\images\CAD219.nii.gz,data\masks\cyst_cad_219.nii.gz,True,True,256x256x32,256x256x32,256,256,32,256,256,32,2097152,2097152,1.13281x1.13281x4.4,1.13281x1.13281x4.4,True,True,9610,2097152,0.004582405090332031,
train_new,121,CAD189,CAD,data\images\CAD189.nii.gz,data\masks\cyst_cad_189.nii.gz,True,True,256x256x30,256x256x30,256,256,30,256,256,30,1966080,1966080,1.09375x0.905762x4.39999,1.09375x0.905762x4.39999,True,True,3656,1966080,0.0018595377604166666,
train_new,122,IU72,IU,data\images\IU72.nii.gz,data\masks\cyst_iu_72.nii.gz,True,True,512x416x36,512x416x36,512,416,36,512,416,36,7667712,7667712,0.703125x0.703125x6.6,0.703125x0.703125x6.6,True,True,9354,7667712,0.0012199206229967948,
train_new,123,CAD102,CAD,data\images\CAD102.nii.gz,data\masks\cyst_cad_102.nii.gz,True,True,256x256x35,256x256x35,256,256,35,256,256,35,2293760,2293760,1.17188x1.17188x4.39999,1.17188x1.17188x4.39999,True,True,605,2293760,0.00026375906808035713,
train_new,124,CAD238,CAD,data\images\CAD238.nii.gz,data\masks\cyst_cad_238.nii.gz,True,True,256x256x32,256x256x32,256,256,32,256,256,32,2097152,2097152,1.09375x1.09375x4.4,1.09375x1.09375x4.4,True,True,2852,2097152,0.0013599395751953125,
train_new,125,NYU0129,NYU,data\images\NYU0129.nii.gz,data\masks\cyst_nyu_0129.nii.gz,True,True,256x208x50,256x208x50,256,208,50,256,208,50,2662400,2662400,1.36719x1.36719x4.4,1.36719x1.36719x4.4,True,True,668,2662400,0.0002509014423076923,
train_new,126,NYU0098,NYU,data\images\NYU0098.nii.gz,data\masks\cyst_nyu_0098.nii.gz,True,True,320x244x24,320x244x24,320,244,24,320,244,24,1873920,1873920,1.25x1.25x7.8,1.25x1.25x7.8,True,True,150,1873920,8.004610655737704e-05,
train_new,127,AHN12,AHN,data\images\AHN12.nii.gz,data\masks\cyst_ahn_12.nii.gz,True,True,320x320x29,320x320x29,320,320,29,320,320,29,2969600,2969600,1.125x1.125x7.8,1.125x1.125x7.8,True,True,2065,2969600,0.0006953798491379311,
train_new,128,NU165,NU,data\images\NU165.nii.gz,data\masks\cyst_nu_165.nii.gz,True,True,320x320x55,320x320x55,320,320,55,320,320,55,5632000,5632000,1.25x1.25x5,1.25x1.25x5,True,True,241,5632000,4.279119318181818e-05,
train_new,129,IU1,IU,data\images\IU1.nii.gz,data\masks\cyst_iu_1.nii.gz,True,True,352x352x33,352x352x33,352,352,33,352,352,33,4088832,4088832,1.12216x1.12216x8,1.12216x1.12216x8,True,True,212,4088832,5.184854745805159e-05,
train_new,130,NYU0035,NYU,data\images\NYU0035.nii.gz,data\masks\cyst_nyu_0035.nii.gz,True,True,320x240x45,320x240x45,320,240,45,320,240,45,3456000,3456000,1.1875x1.1875x4.8,1.1875x1.1875x4.8,True,True,25279,3456000,0.007314525462962963,
train_new,131,MCA14,MCA,data\images\MCA14.nii.gz,data\masks\cyst_mca_14.nii.gz,True,True,384x324x50,384x324x50,384,324,50,384,324,50,6220800,6220800,0.989583x0.989583x5,0.989583x0.989583x5,True,True,3292,6220800,0.0005291923868312757,
train_new,132,NYU0157,NYU,data\images\NYU0157.nii.gz,data\masks\cyst_nyu_0157.nii.gz,True,True,256x256x46,256x256x46,256,256,46,256,256,46,3014656,3014656,1.26953x1.26953x4.4,1.26953x1.26953x4.4,True,True,3610,3014656,0.0011974832286005435,
train_new,133,NU156,NU,data\images\NU156.nii.gz,data\masks\cyst_nu_156.nii.gz,True,True,320x260x40,320x260x40,320,260,40,320,260,40,3328000,3328000,1.0625x1.0625x6,1.0625x1.0625x6,True,True,621,3328000,0.0001865985576923077,
train_new,134,NU36,NU,data\images\NU36.nii.gz,data\masks\cyst_nu_36.nii.gz,True,True,320x280x15,320x280x15,320,280,15,320,280,15,1344000,1344000,1.15625x1.15625x15.8571,1.15625x1.15625x15.8571,True,True,156,1344000,0.00011607142857142857,
train_new,135,CAD288,CAD,data\images\CAD288.nii.gz,data\masks\cyst_cad_288.nii.gz,True,True,256x256x30,256x256x30,256,256,30,256,256,30,1966080,1966080,1.09375x1.09375x4.4,1.09375x1.09375x4.4,True,True,4524,1966080,0.002301025390625,
train_new,136,CAD135,CAD,data\images\CAD135.nii.gz,data\masks\cyst_cad_135.nii.gz,True,True,256x256x34,256x256x34,256,256,34,256,256,34,2228224,2228224,1.40625x1.40625x7.7,1.40625x1.40625x7.7,True,True,2726,2228224,0.0012233958524816176,
train_new,137,NYU0101,NYU,data\images\NYU0101.nii.gz,data\masks\cyst_nyu_0101.nii.gz,True,True,320x320x56,320x320x56,320,320,56,320,320,56,5734400,5734400,1.09375x1.09375x4.4,1.09375x1.09375x4.4,True,True,469,5734400,8.1787109375e-05,
train_new,138,CAD138,CAD,data\images\CAD138.nii.gz,data\masks\cyst_cad_138.nii.gz,True,True,256x256x40,256x256x40,256,256,40,256,256,40,2621440,2621440,1.09375x1.09375x4.4,1.09375x1.09375x4.4,True,True,1660,2621440,0.00063323974609375,
train_new,139,NU06,NU,data\images\NU06.nii.gz,data\masks\cyst_nu_06.nii.gz,True,True,320x290x48,320x290x48,320,290,48,320,290,48,4454400,4454400,1.125x1.125x5,1.125x1.125x5,True,True,223,4454400,5.00628591954023e-05,
train_new,140,MCF04,MCF,data\images\MCF04.nii.gz,data\masks\cyst_mcf_04.nii.gz,True,True,320x320x32,320x320x32,320,320,32,320,320,32,3276800,3276800,0.90625x0.90625x4.4,0.90625x0.90625x4.4,True,True,2692,3276800,0.000821533203125,
train_new,141,IU39,IU,data\images\IU39.nii.gz,data\masks\cyst_iu_39.nii.gz,True,True,320x250x30,320x250x30,320,250,30,320,250,30,2400000,2400000,1.1875x1.1875x7.2,1.1875x1.1875x7.2,True,True,402,2400000,0.0001675,
train_new,142,CAD290,CAD,data\images\CAD290.nii.gz,data\masks\cyst_cad_290.nii.gz,True,True,256x256x30,256x256x30,256,256,30,256,256,30,1966080,1966080,1.17188x1.17188x4.4,1.17188x1.17188x4.4,True,True,6590,1966080,0.0033518473307291665,
train_new,143,AHN77,AHN,data\images\AHN77.nii.gz,data\masks\cyst_ahn_77.nii.gz,True,True,320x320x27,320x320x27,320,320,27,320,320,27,2764800,2764800,1.125x1.125x7.5,1.125x1.125x7.5,True,True,150,2764800,5.425347222222222e-05,
train_new,144,IU78,IU,data\images\IU78.nii.gz,data\masks\cyst_iu_78.nii.gz,True,True,512x416x45,512x416x45,512,416,45,512,416,45,9584640,9584640,0.703125x0.703125x7.2,0.703125x0.703125x7.2,True,True,1088,9584640,0.00011351495726495727,
train_new,145,IU33,IU,data\images\IU33.nii.gz,data\masks\cyst_iu_33.nii.gz,True,True,320x260x35,320x260x35,320,260,35,320,260,35,2912000,2912000,1.125x1.125x7.2,1.125x1.125x7.2,True,True,3116,2912000,0.001070054945054945,
train_new,146,IU32,IU,data\images\IU32.nii.gz,data\masks\cyst_iu_32.nii.gz,True,True,512x416x40,512x416x40,512,416,40,512,416,40,8519680,8519680,0.742188x0.742188x6.6,0.742188x0.742188x6.6,True,True,2141,8519680,0.0002513005183293269,
train_new,147,NU145,NU,data\images\NU145.nii.gz,data\masks\cyst_nu_145.nii.gz,True,True,256x208x55,256x208x55,256,208,55,256,208,55,2928640,2928640,1.5625x1.5625x5,1.5625x1.5625x5,True,True,37,2928640,1.2633850524475524e-05,
train_new,148,MCA26,MCA,data\images\MCA26.nii.gz,data\masks\cyst_mca_26.nii.gz,True,True,512x512x30,512x512x30,512,512,30,512,512,30,7864320,7864320,0.7813x0.7813x7,0.7813x0.7813x7,True,True,2870,7864320,0.0003649393717447917,
train_new,149,CAD107,CAD,data\images\CAD107.nii.gz,data\masks\cyst_cad_107.nii.gz,True,True,256x256x30,256x256x30,256,256,30,256,256,30,1966080,1966080,1.17188x1.17188x4.4,1.17188x1.17188x4.4,True,True,829,1966080,0.0004216512044270833,
train_new,150,CAD242,CAD,data\images\CAD242.nii.gz,data\masks\cyst_cad_242.nii.gz,True,True,256x256x48,256x256x48,256,256,48,256,256,48,3145728,3145728,1.09375x1.02539x4.4,1.09375x1.02539x4.4,True,True,52102,3145728,0.016562779744466145,
train_new,151,CAD310,CAD,data\images\CAD310.nii.gz,data\masks\cyst_cad_310.nii.gz,True,True,256x256x34,256x256x34,256,256,34,256,256,34,2228224,2228224,1.40625x1.05469x7.7,1.40625x1.05469x7.7,True,True,2737,2228224,0.00122833251953125,
train_new,152,NU168,NU,data\images\NU168.nii.gz,data\masks\cyst_nu_168.nii.gz,True,True,320x320x55,320x320x55,320,320,55,320,320,55,5632000,5632000,1.1875x1.1875x5,1.1875x1.1875x5,True,True,353,5632000,6.267755681818182e-05,
train_new,153,EMC041,EMC,data\images\EMC041.nii.gz,data\masks\cyst_emc_041.nii.gz,True,True,512x512x30,512x512x30,512,512,30,512,512,30,7864320,7864320,0.9375x0.9375x6.38427,0.9375x0.9375x6.38427,True,True,2028,7864320,0.00025787353515625,
train_new,154,MCA22,MCA,data\images\MCA22.nii.gz,data\masks\cyst_mca_22.nii.gz,True,True,512x512x30,512x512x30,512,512,30,512,512,30,7864320,7864320,0.8203x0.8203x7,0.8203x0.8203x7,True,True,4717,7864320,0.0005997975667317708,
train_new,155,NYU0094,NYU,data\images\NYU0094.nii.gz,data\masks\cyst_nyu_0094.nii.gz,True,True,256x224x56,256x224x56,256,224,56,256,224,56,3211264,3211264,1.48438x1.48438x4,1.48438x1.48438x4,True,True,553,3211264,0.00017220633370535715,
train_new,156,CAD155,CAD,data\images\CAD155.nii.gz,data\masks\cyst_cad_155.nii.gz,True,True,256x256x38,256x256x38,256,256,38,256,256,38,2490368,2490368,1.13281x1.13281x4.4,1.13281x1.13281x4.4,True,True,272,2490368,0.00010922080592105263,
train_new,157,EMC075,EMC,data\images\EMC075.nii.gz,data\masks\cyst_emc_075.nii.gz,True,True,512x512x25,512x512x25,512,512,25,512,512,25,6553600,6553600,0.7031x0.7031x6.6,0.7031x0.7031x6.6,True,True,2576,6553600,0.00039306640625,
train_new,158,EMC083,EMC,data\images\EMC083.nii.gz,data\masks\cyst_emc_083.nii.gz,True,True,512x512x39,512x512x39,512,512,39,512,512,39,10223616,10223616,0.7813x0.7813x6.6,0.7813x0.7813x6.6,True,True,1334,10223616,0.00013048220903445513,
train_new,159,NU30,NU,data\images\NU30.nii.gz,data\masks\cyst_nu_30.nii.gz,True,True,256x208x48,256x208x48,256,208,48,256,208,48,2555904,2555904,1.28906x1.28906x5,1.28906x1.28906x5,True,True,261,2555904,0.00010211651141826923,
train_new,160,MCF30,MCF,data\images\MCF30.nii.gz,data\masks\cyst_mcf_30.nii.gz,True,True,320x320x32,320x320x32,320,320,32,320,320,32,3276800,3276800,0.90625x0.90625x4.4,0.90625x0.90625x4.4,True,True,15739,3276800,0.00480316162109375,
train_new,161,NU151,NU,data\images\NU151.nii.gz,data\masks\cyst_nu_151.nii.gz,True,True,384x336x54,384x336x54,384,336,54,384,336,54,6967296,6967296,0.989583x0.989583x5,0.989583x0.989583x5,True,True,2151,6967296,0.00030872809193121695,
train_new,162,CAD251,CAD,data\images\CAD251.nii.gz,data\masks\cyst_cad_251.nii.gz,True,True,256x256x34,256x256x34,256,256,34,256,256,34,2228224,2228224,1.17188x1.17188x4.4,1.17188x1.17188x4.4,True,True,2810,2228224,0.0012610940372242646,
train_new,163,NYU0056,NYU,data\images\NYU0056.nii.gz,data\masks\cyst_nyu_0056.nii.gz,True,True,256x232x38,256x232x38,256,232,38,256,232,38,2256896,2256896,1.36719x1.36719x4.80002,1.36719x1.36719x4.80002,True,True,331,2256896,0.00014666160957350273,
train_new,164,CAD227,CAD,data\images\CAD227.nii.gz,data\masks\cyst_cad_227.nii.gz,True,True,256x256x34,256x256x34,256,256,34,256,256,34,2228224,2228224,1.09375x1.09375x4.4,1.09375x1.09375x4.4,True,True,8936,2228224,0.004010368795955882,
train_new,165,NYU0173,NYU,data\images\NYU0173.nii.gz,data\masks\cyst_nyu_0173.nii.gz,True,True,256x216x55,256x216x55,256,216,55,256,216,55,3041280,3041280,1.5625x1.5625x4,1.5625x1.5625x4,True,True,247,3041280,8.121580387205387e-05,
train_new,166,AHN64,AHN,data\images\AHN64.nii.gz,data\masks\cyst_ahn_64.nii.gz,True,True,320x320x27,320x320x27,320,320,27,320,320,27,2764800,2764800,1.125x1.125x7.5,1.125x1.125x7.5,True,True,1306,2764800,0.00047236689814814814,
train_new,167,EMC071,EMC,data\images\EMC071.nii.gz,data\masks\cyst_emc_071.nii.gz,True,True,512x512x30,512x512x30,512,512,30,512,512,30,7864320,7864320,0.7227x0.7227x6.59999,0.7227x0.7227x6.59999,True,True,6149,7864320,0.0007818857828776042,
train_new,168,EMC068,EMC,data\images\EMC068.nii.gz,data\masks\cyst_emc_068.nii.gz,True,True,256x256x25,256x256x25,256,256,25,256,256,25,1638400,1638400,1.62109x1.62109x8.8,1.62109x1.62109x8.8,True,True,563,1638400,0.0003436279296875,
train_new,169,CAD146,CAD,data\images\CAD146.nii.gz,data\masks\cyst_cad_146.nii.gz,True,True,256x256x34,256x256x34,256,256,34,256,256,34,2228224,2228224,1.09375x1.09375x4.4,1.09375x1.09375x4.4,True,True,1169,2228224,0.0005246330710018382,
train_new,170,NU47,NU,data\images\NU47.nii.gz,data\masks\cyst_nu_47.nii.gz,True,True,512x464x60,512x464x60,512,464,60,512,464,60,14254080,14254080,0.78125x0.78125x5,0.78125x0.78125x5,True,True,394,14254080,2.7641208692528734e-05,
train_new,171,CAD247,CAD,data\images\CAD247.nii.gz,data\masks\cyst_cad_247.nii.gz,True,True,256x256x44,256x256x44,256,256,44,256,256,44,2883584,2883584,1.32812x1.32812x4.40001,1.32812x1.32812x4.40001,True,True,3193,2883584,0.001107302579012784,
train_new,172,NU108,NU,data\images\NU108.nii.gz,data\masks\cyst_nu_108.nii.gz,True,True,256x256x65,256x256x65,256,256,65,256,256,65,4259840,4259840,1.32031x1.32031x4,1.32031x1.32031x4,True,True,670,4259840,0.00015728290264423078,
train_new,173,MCA140,MCA,data\images\MCA140.nii.gz,data\masks\cyst_mca_140.nii.gz,True,True,512x512x32,512x512x32,512,512,32,512,512,32,8388608,8388608,0.7813x0.7813x7,0.7813x0.7813x7,True,True,957,8388608,0.00011408329010009766,
train_new,174,NU56,NU,data\images\NU56.nii.gz,data\masks\cyst_nu_56.nii.gz,True,True,320x260x35,320x260x35,320,260,35,320,260,35,2912000,2912000,1.25x1.25x5,1.25x1.25x5,True,True,1116,2912000,0.00038324175824175827,
train_new,175,EMC076,EMC,data\images\EMC076.nii.gz,data\masks\cyst_emc_076.nii.gz,True,True,512x512x32,512x512x32,512,512,32,512,512,32,8388608,8388608,0.7031x0.7031x6.60001,0.7031x0.7031x6.60001,True,True,8007,8388608,0.0009545087814331055,
train_new,176,MCF03,MCF,data\images\MCF03.nii.gz,data\masks\cyst_mcf_03.nii.gz,True,True,320x320x36,320x320x36,320,320,36,320,320,36,3686400,3686400,0.90625x0.90625x4.4,0.90625x0.90625x4.4,True,True,334,3686400,9.060329861111111e-05,
train_new,177,NU29,NU,data\images\NU29.nii.gz,data\masks\cyst_nu_29.nii.gz,True,True,384x312x39,384x312x39,384,312,39,384,312,39,4672512,4672512,0.989583x0.989583x6.00001,0.989583x0.989583x6.00001,True,True,472,4672512,0.00010101632697786543,
train_new,178,IU15,IU,data\images\IU15.nii.gz,data\masks\cyst_iu_15.nii.gz,True,True,512x416x45,512x416x45,512,416,45,512,416,45,9584640,9584640,0.820312x0.820312x6.6,0.820312x0.820312x6.6,True,True,136,9584640,1.4189369658119659e-05,
train_new,179,CAD265,CAD,data\images\CAD265.nii.gz,data\masks\cyst_cad_265.nii.gz,True,True,256x256x28,256x256x28,256,256,28,256,256,28,1835008,1835008,1.09375x1.09375x4.39999,1.09375x1.09375x4.39999,True,True,2657,1835008,0.0014479500906808035,
train_new,180,NYU0140,NYU,data\images\NYU0140.nii.gz,data\masks\cyst_nyu_0140.nii.gz,True,True,512x384x41,512x384x41,512,384,41,512,384,41,8060928,8060928,0.683594x0.683594x6.50001,0.683594x0.683594x6.50001,True,True,7515,8060928,0.0009322747951600609,
train_new,181,NU67,NU,data\images\NU67.nii.gz,data\masks\cyst_nu_67.nii.gz,True,True,256x208x55,256x208x55,256,208,55,256,208,55,2928640,2928640,1.40625x1.40625x5,1.40625x1.40625x5,True,True,120,2928640,4.097465034965035e-05,
train_new,182,CAD150,CAD,data\images\CAD150.nii.gz,data\masks\cyst_cad_150.nii.gz,True,True,256x256x36,256x256x36,256,256,36,256,256,36,2359296,2359296,1.13281x1.13281x4.39999,1.13281x1.13281x4.39999,True,True,3776,2359296,0.0016004774305555555,
train_new,183,CAD124,CAD,data\images\CAD124.nii.gz,data\masks\cyst_cad_124.nii.gz,True,True,256x256x32,256x256x32,256,256,32,256,256,32,2097152,2097152,1.13281x1.13281x4.4,1.13281x1.13281x4.4,True,True,126,2097152,6.008148193359375e-05,
train_new,184,EMC101,EMC,data\images\EMC101.nii.gz,data\masks\cyst_emc_101.nii.gz,True,True,512x512x30,512x512x30,512,512,30,512,512,30,7864320,7864320,0.8203x0.8203x6.60001,0.8203x0.8203x6.60001,True,True,3425,7864320,0.0004355112711588542,
train_new,185,IU18,IU,data\images\IU18.nii.gz,data\masks\cyst_iu_18.nii.gz,True,True,512x512x49,512x512x49,512,512,49,512,512,49,12845056,12845056,0.7227x0.7227x6,0.7227x0.7227x6,True,True,2604,12845056,0.00020272391183035715,
train_new,186,NU66,NU,data\images\NU66.nii.gz,data\masks\cyst_nu_66.nii.gz,True,True,512x416x48,512x416x48,512,416,48,512,416,48,10223616,10223616,0.761719x0.761719x5,0.761719x0.761719x5,True,True,952,10223616,9.311773838141025e-05,
train_new,187,CAD233,CAD,data\images\CAD233.nii.gz,data\masks\cyst_cad_233.nii.gz,True,True,256x256x30,256x256x30,256,256,30,256,256,30,1966080,1966080,1.09375x0.905762x4.4,1.09375x0.905762x4.4,True,True,4623,1966080,0.00235137939453125,
train_new,188,NU18,NU,data\images\NU18.nii.gz,data\masks\cyst_nu_18.nii.gz,True,True,320x220x36,320x220x36,320,220,36,320,220,36,2534400,2534400,1.40625x1.40625x7.2,1.40625x1.40625x7.2,True,True,273,2534400,0.00010771780303030303,
train_new,189,NYU0135,NYU,data\images\NYU0135.nii.gz,data\masks\cyst_nyu_0135.nii.gz,True,True,320x280x102,320x280x102,320,280,102,320,280,102,9139200,9139200,1.25x1.25x6,1.25x1.25x6,True,True,216,9139200,2.3634453781512604e-05,
train_new,190,NYU0151,NYU,data\images\NYU0151.nii.gz,data\masks\cyst_nyu_0151.nii.gz,True,True,320x320x45,320x320x45,320,320,45,320,320,45,4608000,4608000,1.09375x1.09375x6,1.09375x1.09375x6,True,True,10530,4608000,0.00228515625,
train_new,191,CAD294,CAD,data\images\CAD294.nii.gz,data\masks\cyst_cad_294.nii.gz,True,True,256x256x36,256x256x36,256,256,36,256,256,36,2359296,2359296,1.13281x1.13281x4.4,1.13281x1.13281x4.4,True,True,987,2359296,0.0004183451334635417,
train_new,192,NU37,NU,data\images\NU37.nii.gz,data\masks\cyst_nu_37.nii.gz,True,True,320x320x60,320x320x60,320,320,60,320,320,60,6144000,6144000,1.1875x1.1875x5,1.1875x1.1875x5,True,True,809,6144000,0.00013167317708333333,
train_new,193,NU60,NU,data\images\NU60.nii.gz,data\masks\cyst_nu_60.nii.gz,True,True,320x290x50,320x290x50,320,290,50,320,290,50,4640000,4640000,1.125x1.125x5,1.125x1.125x5,True,True,230,4640000,4.956896551724138e-05,
train_new,194,NU78,NU,data\images\NU78.nii.gz,data\masks\cyst_nu_78.nii.gz,True,True,320x250x38,320x250x38,320,250,38,320,250,38,3040000,3040000,1.1875x1.1875x7.2,1.1875x1.1875x7.2,True,True,180,3040000,5.921052631578947e-05,
train_new,195,IU16,IU,data\images\IU16.nii.gz,data\masks\cyst_iu_16.nii.gz,True,True,512x384x35,512x384x35,512,384,35,512,384,35,6881280,6881280,0.683594x0.683594x6.6,0.683594x0.683594x6.6,True,True,459,6881280,6.670270647321428e-05,
train_new,196,IU2,IU,data\images\IU2.nii.gz,data\masks\cyst_iu_2.nii.gz,True,True,512x416x36,512x416x36,512,416,36,512,416,36,7667712,7667712,0.703125x0.703125x6.6,0.703125x0.703125x6.6,True,True,11193,7667712,0.0014597574869791667,
train_new,197,NU98,NU,data\images\NU98.nii.gz,data\masks\cyst_nu_98.nii.gz,True,True,320x320x51,320x320x51,320,320,51,320,320,51,5222400,5222400,1.1875x1.1875x5,1.1875x1.1875x5,True,True,1676,5222400,0.0003209252450980392,
train_new,198,NU130,NU,data\images\NU130.nii.gz,data\masks\cyst_nu_130.nii.gz,True,True,256x216x60,256x216x60,256,216,60,256,216,60,3317760,3317760,1.25x1.25x4,1.25x1.25x4,True,True,95,3317760,2.8633777006172838e-05,
train_new,199,NU121,NU,data\images\NU121.nii.gz,data\masks\cyst_nu_121.nii.gz,True,True,256x256x60,256x256x60,256,256,60,256,256,60,3932160,3932160,1.48438x1.48438x5,1.48438x1.48438x5,True,True,250,3932160,6.357828776041667e-05,
train_new,200,CAD213,CAD,data\images\CAD213.nii.gz,data\masks\cyst_cad_213.nii.gz,True,True,256x256x30,256x256x30,256,256,30,256,256,30,1966080,1966080,1.09375x1.09375x4.4,1.09375x1.09375x4.4,True,True,5938,1966080,0.0030202229817708334,
train_new,201,MCA05,MCA,data\images\MCA05.nii.gz,data\masks\cyst_mca_05.nii.gz,True,True,512x512x32,512x512x32,512,512,32,512,512,32,8388608,8388608,0.7422x0.7422x7,0.7422x0.7422x7,True,True,6475,8388608,0.0007718801498413086,
train_new,202,CAD162,CAD,data\images\CAD162.nii.gz,data\masks\cyst_cad_162.nii.gz,True,True,256x256x26,256x256x26,256,256,26,256,256,26,1703936,1703936,1.17188x1.17188x4.4,1.17188x1.17188x4.4,True,True,383,1703936,0.00022477370042067306,
train_new,203,IU36,IU,data\images\IU36.nii.gz,data\masks\cyst_iu_36.nii.gz,True,True,512x416x45,512x416x45,512,416,45,512,416,45,9584640,9584640,0.703125x0.703125x6.6,0.703125x0.703125x6.6,True,True,661,9584640,6.896450988247863e-05,
train_new,204,NYU0040,NYU,data\images\NYU0040.nii.gz,data\masks\cyst_nyu_0040.nii.gz,True,True,256x240x50,256x240x50,256,240,50,256,240,50,3072000,3072000,1.36719x1.36719x4,1.36719x1.36719x4,True,True,3614,3072000,0.0011764322916666668,
train_new,205,NYU0044,NYU,data\images\NYU0044.nii.gz,data\masks\cyst_nyu_0044.nii.gz,True,True,256x216x53,256x216x53,256,216,53,256,216,53,2930688,2930688,1.21094x1.21094x4,1.21094x1.21094x4,True,True,779,2930688,0.000265807892208246,
train_new,206,EMC047,EMC,data\images\EMC047.nii.gz,data\masks\cyst_emc_047.nii.gz,True,True,512x512x39,512x512x39,512,512,39,512,512,39,10223616,10223616,0.9375x0.9375x6.6,0.9375x0.9375x6.6,True,True,880,10223616,8.607522035256411e-05,
train_new,207,NYU0172,NYU,data\images\NYU0172.nii.gz,data\masks\cyst_nyu_0172.nii.gz,True,True,256x224x59,256x224x59,256,224,59,256,224,59,3383296,3383296,1.5625x1.5625x4.39999,1.5625x1.5625x4.39999,True,True,3419,3383296,0.0010105530228510895,
train_new,208,CAD306,CAD,data\images\CAD306.nii.gz,data\masks\cyst_cad_306.nii.gz,True,True,256x256x30,256x256x30,256,256,30,256,256,30,1966080,1966080,1.09375x1.09375x4.40001,1.09375x1.09375x4.40001,True,True,1235,1966080,0.0006281534830729166,
train_new,209,CAD153,CAD,data\images\CAD153.nii.gz,data\masks\cyst_cad_153.nii.gz,True,True,256x256x38,256x256x38,256,256,38,256,256,38,2490368,2490368,1.17188x1.17188x4.4,1.17188x1.17188x4.4,True,True,1214,2490368,0.00048747815583881577,
train_new,210,EMC091,EMC,data\images\EMC091.nii.gz,data\masks\cyst_emc_091.nii.gz,True,True,512x512x31,512x512x31,512,512,31,512,512,31,8126464,8126464,0.7813x0.7813x6.59998,0.7813x0.7813x6.59998,True,True,31566,8126464,0.0038843462544102822,
train_new,211,NU155,NU,data\images\NU155.nii.gz,data\masks\cyst_nu_155.nii.gz,True,True,256x256x30,256x256x30,256,256,30,256,256,30,1966080,1966080,1.28906x1.28906x3,1.28906x1.28906x3,True,True,257,1966080,0.00013071695963541666,
train_new,212,EMC122,EMC,data\images\EMC122.nii.gz,data\masks\cyst_emc_122.nii.gz,True,True,320x320x26,320x320x26,320,320,26,320,320,26,2662400,2662400,1.1875x1.1875x7.2,1.1875x1.1875x7.2,True,True,1416,2662400,0.0005318509615384615,
train_new,213,MCA63,MCA,data\images\MCA63.nii.gz,data\masks\cyst_mca_63.nii.gz,True,True,512x512x34,512x512x34,512,512,34,512,512,34,8912896,8912896,0.8203x0.8203x7,0.8203x0.8203x7,True,True,962,8912896,0.00010793349322150735,
train_new,214,AHN11,AHN,data\images\AHN11.nii.gz,data\masks\cyst_ahn_11.nii.gz,True,True,320x320x27,320x320x27,320,320,27,320,320,27,2764800,2764800,1.125x1.125x7.5,1.125x1.125x7.5,True,True,82,2764800,2.9658564814814815e-05,
train_new,215,AHN39,AHN,data\images\AHN39.nii.gz,data\masks\cyst_ahn_39.nii.gz,True,True,256x204x23,256x204x23,256,204,23,256,204,23,1201152,1201152,1.40625x1.40625x6.5,1.40625x1.40625x6.5,True,True,206,1201152,0.00017150202472293266,
train_new,216,CAD182,CAD,data\images\CAD182.nii.gz,data\masks\cyst_cad_182.nii.gz,True,True,256x256x34,256x256x34,256,256,34,256,256,34,2228224,2228224,1.09375x1.09375x4.4,1.09375x1.09375x4.4,True,True,1803,2228224,0.000809164608226103,
train_new,217,IU52,IU,data\images\IU52.nii.gz,data\masks\cyst_iu_52.nii.gz,True,True,512x512x40,512x512x40,512,512,40,512,512,40,10485760,10485760,0.771484x0.771484x6.6,0.771484x0.771484x6.6,True,True,5280,10485760,0.0005035400390625,
train_new,218,AHN21,AHN,data\images\AHN21.nii.gz,data\masks\cyst_ahn_21.nii.gz,True,True,256x204x44,256x204x44,256,204,44,256,204,44,2297856,2297856,1.48438x1.48438x6,1.48438x1.48438x6,True,True,497,2297856,0.00021628857508912655,
train_new,219,NYU0074,NYU,data\images\NYU0074.nii.gz,data\masks\cyst_nyu_0074.nii.gz,True,True,320x320x40,320x320x40,320,320,40,320,320,40,4096000,4096000,1.09375x1.09375x6,1.09375x1.09375x6,True,True,1638,4096000,0.00039990234375,
train_new,220,NU99,NU,data\images\NU99.nii.gz,data\masks\cyst_nu_99.nii.gz,True,True,320x320x48,320x320x48,320,320,48,320,320,48,4915200,4915200,1.1875x1.1875x5,1.1875x1.1875x5,True,True,367,4915200,7.466634114583334e-05,
train_new,221,NYU0168,NYU,data\images\NYU0168.nii.gz,data\masks\cyst_nyu_0168.nii.gz,True,True,256x256x66,256x256x66,256,256,66,256,256,66,4325376,4325376,1.5625x1.5625x4.00012,1.5625x1.5625x4.00012,True,True,4325,4325376,0.0009999130711410985,
train_new,222,NYU0105,NYU,data\images\NYU0105.nii.gz,data\masks\cyst_nyu_0105.nii.gz,True,True,320x320x37,320x320x37,320,320,37,320,320,37,3788800,3788800,1.09375x1.09375x6,1.09375x1.09375x6,True,True,2129,3788800,0.0005619193412162162,
train_new,223,NU117,NU,data\images\NU117.nii.gz,data\masks\cyst_nu_117.nii.gz,True,True,256x256x60,256x256x60,256,256,60,256,256,60,3932160,3932160,1.44531x1.44531x4,1.44531x1.44531x4,True,True,307,3932160,7.807413736979166e-05,
train_new,224,CAD142,CAD,data\images\CAD142.nii.gz,data\masks\cyst_cad_142.nii.gz,True,True,256x256x44,256x256x44,256,256,44,256,256,44,2883584,2883584,0.9375x0.9375x3.3,0.9375x0.9375x3.3,True,True,11227,2883584,0.0038934187455610795,
train_new,225,EMC036,EMC,data\images\EMC036.nii.gz,data\masks\cyst_emc_036.nii.gz,True,True,512x512x38,512x512x38,512,512,38,512,512,38,9961472,9961472,0.78125x0.78125x6,0.78125x0.78125x6,True,True,4593,9961472,0.00046107643528988485,
train_new,226,EMC021,EMC,data\images\EMC021.nii.gz,data\masks\cyst_emc_021.nii.gz,True,True,512x512x37,512x512x37,512,512,37,512,512,37,9699328,9699328,0.8594x0.8594x6.59999,0.8594x0.8594x6.59999,True,True,3859,9699328,0.0003978626148120777,
train_new,227,NU55,NU,data\images\NU55.nii.gz,data\masks\cyst_nu_55.nii.gz,True,True,320x280x44,320x280x44,320,280,44,320,280,44,3942400,3942400,1.15625x1.15625x5,1.15625x1.15625x5,True,True,2986,3942400,0.0007574066558441559,
train_new,228,MCA138,MCA,data\images\MCA138.nii.gz,data\masks\cyst_mca_138.nii.gz,True,True,512x512x36,512x512x36,512,512,36,512,512,36,9437184,9437184,0.7031x0.7031x7,0.7031x0.7031x7,True,True,7819,9437184,0.0008285310533311632,
train_new,229,CAD284,CAD,data\images\CAD284.nii.gz,data\masks\cyst_cad_284.nii.gz,True,True,256x256x34,256x256x34,256,256,34,256,256,34,2228224,2228224,1.09375x0.820312x4.4,1.09375x0.820312x4.4,True,True,1562,2228224,0.0007010067210477941,
train_new,230,NU138,NU,data\images\NU138.nii.gz,data\masks\cyst_nu_138.nii.gz,True,True,320x260x55,320x260x55,320,260,55,320,260,55,4576000,4576000,1.25x1.25x6,1.25x1.25x6,True,True,247,4576000,5.3977272727272727e-05,
train_new,231,CAD209,CAD,data\images\CAD209.nii.gz,data\masks\cyst_cad_209.nii.gz,True,True,256x256x30,256x256x30,256,256,30,256,256,30,1966080,1966080,1.09375x0.888672x4.4,1.09375x0.888672x4.4,True,True,996,1966080,0.000506591796875,
train_new,232,CAD286,CAD,data\images\CAD286.nii.gz,data\masks\cyst_cad_286.nii.gz,True,True,256x256x35,256x256x35,256,256,35,256,256,35,2293760,2293760,1.17188x1.17188x4.39999,1.17188x1.17188x4.39999,True,True,13320,2293760,0.005807059151785714,
train_new,233,NYU0164,NYU,data\images\NYU0164.nii.gz,data\masks\cyst_nyu_0164.nii.gz,True,True,320x260x40,320x260x40,320,260,40,320,260,40,3328000,3328000,1.01562x1.01562x6,1.01562x1.01562x6,True,True,420,3328000,0.00012620192307692308,
train_new,234,NU51,NU,data\images\NU51.nii.gz,data\masks\cyst_nu_51.nii.gz,True,True,256x208x51,256x208x51,256,208,51,256,208,51,2715648,2715648,1.40625x1.40625x5,1.40625x1.40625x5,True,True,167,2715648,6.149545154600301e-05,
train_new,235,CAD119,CAD,data\images\CAD119.nii.gz,data\masks\cyst_cad_119.nii.gz,True,True,256x256x24,256x256x24,256,256,24,256,256,24,1572864,1572864,1.09375x1.09375x4.4,1.09375x1.09375x4.4,True,True,1254,1572864,0.000797271728515625,
train_new,236,EMC040,EMC,data\images\EMC040.nii.gz,data\masks\cyst_emc_040.nii.gz,True,True,256x256x24,256x256x24,256,256,24,256,256,24,1572864,1572864,1.4844x1.4844x7.70002,1.4844x1.4844x7.70002,True,True,917,1572864,0.0005830128987630209,
train_new,237,NYU0077,NYU,data\images\NYU0077.nii.gz,data\masks\cyst_nyu_0077.nii.gz,True,True,320x320x50,320x320x50,320,320,50,320,320,50,5120000,5120000,1.34375x1.34375x6,1.34375x1.34375x6,True,True,78,5120000,1.5234375e-05,
train_new,238,NYU0166,NYU,data\images\NYU0166.nii.gz,data\masks\cyst_nyu_0166.nii.gz,True,True,320x290x36,320x290x36,320,290,36,320,290,36,3340800,3340800,1.15625x1.15625x6,1.15625x1.15625x6,True,True,4552,3340800,0.0013625478927203065,
train_new,239,MCF14,MCF,data\images\MCF14.nii.gz,data\masks\cyst_mcf_14.nii.gz,True,True,256x192x23,256x192x23,256,192,23,256,192,23,1130496,1130496,1.5625x1.5625x7.8,1.5625x1.5625x7.8,True,True,114,1130496,0.00010084069293478261,
train_new,240,CAD152,CAD,data\images\CAD152.nii.gz,data\masks\cyst_cad_152.nii.gz,True,True,256x256x41,256x256x41,256,256,41,256,256,41,2686976,2686976,1.09375x0.820312x4.4,1.09375x0.820312x4.4,True,True,1839,2686976,0.0006844125142911585,
train_new,241,IU21,IU,data\images\IU21.nii.gz,data\masks\cyst_iu_21.nii.gz,True,True,512x416x36,512x416x36,512,416,36,512,416,36,7667712,7667712,0.703125x0.703125x6.6,0.703125x0.703125x6.6,True,True,1531,7667712,0.00019966842781784188,
train_new,242,NYU0116,NYU,data\images\NYU0116.nii.gz,data\masks\cyst_nyu_0116.nii.gz,True,True,256x208x59,256x208x59,256,208,59,256,208,59,3141632,3141632,1.48438x1.48438x4.4,1.48438x1.48438x4.4,True,True,4479,3141632,0.0014256921243481096,
train_new,243,NYU0081,NYU,data\images\NYU0081.nii.gz,data\masks\cyst_nyu_0081.nii.gz,True,True,256x256x50,256x256x50,256,256,50,256,256,50,3276800,3276800,1.36719x1.36719x4.4,1.36719x1.36719x4.4,True,True,519,3276800,0.00015838623046875,
train_new,244,NU27,NU,data\images\NU27.nii.gz,data\masks\cyst_nu_27.nii.gz,True,True,256x256x54,256x256x54,256,256,54,256,256,54,3538944,3538944,1.40625x1.40625x5,1.40625x1.40625x5,True,True,477,3538944,0.00013478597005208334,
train_new,245,CAD118,CAD,data\images\CAD118.nii.gz,data\masks\cyst_cad_118.nii.gz,True,True,256x256x30,256x256x30,256,256,30,256,256,30,1966080,1966080,1.09375x1.09375x4.4,1.09375x1.09375x4.4,True,True,3701,1966080,0.0018824259440104166,
train_new,246,CAD252,CAD,data\images\CAD252.nii.gz,data\masks\cyst_cad_252.nii.gz,True,True,256x256x40,256x256x40,256,256,40,256,256,40,2621440,2621440,1.13281x1.13281x4.4,1.13281x1.13281x4.4,True,True,1955,2621440,0.0007457733154296875,
train_new,247,NYU0010,NYU,data\images\NYU0010.nii.gz,data\masks\cyst_nyu_0010.nii.gz,True,True,320x320x46,320x320x46,320,320,46,320,320,46,4710400,4710400,1.09375x1.09375x6,1.09375x1.09375x6,True,True,2349,4710400,0.0004986837635869566,
train_new,248,CAD171,CAD,data\images\CAD171.nii.gz,data\masks\cyst_cad_171.nii.gz,True,True,256x256x34,256x256x34,256,256,34,256,256,34,2228224,2228224,1.17188x1.17188x4.4,1.17188x1.17188x4.4,True,True,2047,2228224,0.0009186688591452205,
train_new,249,IU26,IU,data\images\IU26.nii.gz,data\masks\cyst_iu_26.nii.gz,True,True,512x416x45,512x416x45,512,416,45,512,416,45,9584640,9584640,0.703125x0.703125x7.2,0.703125x0.703125x7.2,True,True,320,9584640,3.338675213675214e-05,
train_new,250,CAD127,CAD,data\images\CAD127.nii.gz,data\masks\cyst_cad_127.nii.gz,True,True,256x256x34,256x256x34,256,256,34,256,256,34,2228224,2228224,1.01562x1.01562x4.4,1.01562x1.01562x4.4,True,True,300,2228224,0.00013463637408088236,
train_new,251,NYU0053,NYU,data\images\NYU0053.nii.gz,data\masks\cyst_nyu_0053.nii.gz,True,True,256x256x53,256x256x53,256,256,53,256,256,53,3473408,3473408,1.36719x1.36719x4.4,1.36719x1.36719x4.4,True,True,2310,3473408,0.0006650528817806604,
train_new,252,NU160,NU,data\images\NU160.nii.gz,data\masks\cyst_nu_160.nii.gz,True,True,320x320x60,320x320x60,320,320,60,320,320,60,6144000,6144000,1.1875x1.1875x5,1.1875x1.1875x5,True,True,532,6144000,8.658854166666667e-05,
train_new,253,AHN09,AHN,data\images\AHN09.nii.gz,data\masks\cyst_ahn_09.nii.gz,True,True,256x192x29,256x192x29,256,192,29,256,192,29,1425408,1425408,1.52344x1.52344x6.75,1.52344x1.52344x6.75,True,True,892,1425408,0.0006257857399425287,
train_new,254,NU131,NU,data\images\NU131.nii.gz,data\masks\cyst_nu_131.nii.gz,True,True,320x270x56,320x270x56,320,270,56,320,270,56,4838400,4838400,1.1875x1.1875x5,1.1875x1.1875x5,True,True,412,4838400,8.515211640211641e-05,
train_new,255,CAD292,CAD,data\images\CAD292.nii.gz,data\masks\cyst_cad_292.nii.gz,True,True,256x256x38,256x256x38,256,256,38,256,256,38,2490368,2490368,1.13281x1.13281x4.4,1.13281x1.13281x4.4,True,True,1139,2490368,0.0004573621247944079,
val_new,0,NYU0122,NYU,data\images\NYU0122.nii.gz,data\masks\cyst_nyu_0122.nii.gz,True,True,320x320x33,320x320x33,320,320,33,320,320,33,3379200,3379200,1.01562x1.01562x6,1.01562x1.01562x6,True,True,881,3379200,0.0002607125946969697,
val_new,1,NYU0091,NYU,data\images\NYU0091.nii.gz,data\masks\cyst_nyu_0091.nii.gz,True,True,256x256x63,256x256x63,256,256,63,256,256,63,4128768,4128768,1.5625x1.5625x4.4,1.5625x1.5625x4.4,True,True,589,4128768,0.0001426575675843254,
val_new,2,MCF41,MCF,data\images\MCF41.nii.gz,data\masks\cyst_mcf_41.nii.gz,True,True,320x320x36,320x320x36,320,320,36,320,320,36,3686400,3686400,0.90625x0.90625x4.4,0.90625x0.90625x4.4,True,True,2179,3686400,0.0005910915798611111,
val_new,3,NU32,NU,data\images\NU32.nii.gz,data\masks\cyst_nu_32.nii.gz,True,True,320x250x50,320x250x50,320,250,50,320,250,50,4000000,4000000,1.03125x1.03125x5,1.03125x1.03125x5,True,True,532,4000000,0.000133,
val_new,4,NU73,NU,data\images\NU73.nii.gz,data\masks\cyst_nu_73.nii.gz,True,True,256x208x60,256x208x60,256,208,60,256,208,60,3194880,3194880,1.48438x1.48438x4.4,1.48438x1.48438x4.4,True,True,206,3194880,6.447816506410257e-05,
val_new,5,NYU0069,NYU,data\images\NYU0069.nii.gz,data\masks\cyst_nyu_0069.nii.gz,True,True,320x220x40,320x220x40,320,220,40,320,220,40,2816000,2816000,1.09375x1.09375x6.00001,1.09375x1.09375x6.00001,True,True,1232,2816000,0.0004375,
val_new,6,MCA15,MCA,data\images\MCA15.nii.gz,data\masks\cyst_mca_15.nii.gz,True,True,512x512x56,512x512x56,512,512,56,512,512,56,14680064,14680064,0.78125x0.78125x6,0.78125x0.78125x6,True,True,36764,14680064,0.0025043487548828125,
val_new,7,IU19,IU,data\images\IU19.nii.gz,data\masks\cyst_iu_19.nii.gz,True,True,320x260x35,320x260x35,320,260,35,320,260,35,2912000,2912000,1.125x1.125x7.2,1.125x1.125x7.2,True,True,384,2912000,0.00013186813186813186,
val_new,8,EMC010,EMC,data\images\EMC010.nii.gz,data\masks\cyst_emc_010.nii.gz,True,True,512x512x33,512x512x33,512,512,33,512,512,33,8650752,8650752,0.7617x0.7617x7.70001,0.7617x0.7617x7.70001,True,True,5887,8650752,0.0006805188728101326,
val_new,9,NYU0134,NYU,data\images\NYU0134.nii.gz,data\masks\cyst_nyu_0134.nii.gz,True,True,320x260x62,320x260x62,320,260,62,320,260,62,5158400,5158400,1.17188x1.17188x4.4,1.17188x1.17188x4.4,True,True,236,5158400,4.575062034739454e-05,
val_new,10,AHN29,AHN,data\images\AHN29.nii.gz,data\masks\cyst_ahn_29.nii.gz,True,True,256x220x35,256x220x35,256,220,35,256,220,35,1971200,1971200,1.40625x1.40625x8.39999,1.40625x1.40625x8.39999,True,True,1066,1971200,0.0005407873376623377,
val_new,11,AHN79,AHN,data\images\AHN79.nii.gz,data\masks\cyst_ahn_79.nii.gz,True,True,256x224x27,256x224x27,256,224,27,256,224,27,1548288,1548288,1.48438x1.48438x7.8,1.48438x1.48438x7.8,True,True,35,1548288,2.2605613425925925e-05,
val_new,12,NYU0073,NYU,data\images\NYU0073.nii.gz,data\masks\cyst_nyu_0073.nii.gz,True,True,256x256x49,256x256x49,256,256,49,256,256,49,3211264,3211264,1.36719x1.36719x4.4,1.36719x1.36719x4.4,True,True,1135,3211264,0.0003534433793048469,
val_new,13,EMC045,EMC,data\images\EMC045.nii.gz,data\masks\cyst_emc_045.nii.gz,True,True,512x384x30,512x384x30,512,384,30,512,384,30,5898240,5898240,0.742188x0.742188x7.2,0.742188x0.742188x7.2,True,True,7294,5898240,0.0012366400824652779,
val_new,14,NYU0020,NYU,data\images\NYU0020.nii.gz,data\masks\cyst_nyu_0020.nii.gz,True,True,320x320x42,320x320x42,320,320,42,320,320,42,4300800,4300800,0.9375x0.9375x6,0.9375x0.9375x6,True,True,3405,4300800,0.0007917131696428571,
val_new,15,NYU0127,NYU,data\images\NYU0127.nii.gz,data\masks\cyst_nyu_0127.nii.gz,True,True,256x256x49,256x256x49,256,256,49,256,256,49,3211264,3211264,1.46484x1.46484x4.4,1.46484x1.46484x4.4,True,True,2554,3211264,0.0007953254544005102,
val_new,16,NU161,NU,data\images\NU161.nii.gz,data\masks\cyst_nu_161.nii.gz,True,True,256x212x56,256x212x56,256,212,56,256,212,56,3039232,3039232,1.48438x1.48438x6,1.48438x1.48438x6,True,True,3207,3039232,0.0010552007875673855,
val_new,17,MCF26,MCF,data\images\MCF26.nii.gz,data\masks\cyst_mcf_26.nii.gz,True,True,320x320x32,320x320x32,320,320,32,320,320,32,3276800,3276800,0.90625x0.90625x4.4,0.90625x0.90625x4.4,True,True,26726,3276800,0.0081561279296875,
val_new,18,EMC034,EMC,data\images\EMC034.nii.gz,data\masks\cyst_emc_034.nii.gz,True,True,384x252x20,384x252x20,384,252,20,384,252,20,1935360,1935360,1.04167x1.04167x10.4,1.04167x1.04167x10.4,True,True,1618,1935360,0.000836020171957672,
val_new,19,NU189,NU,data\images\NU189.nii.gz,data\masks\cyst_nu_189.nii.gz,True,True,320x280x50,320x280x50,320,280,50,320,280,50,4480000,4480000,1.15625x1.15625x5,1.15625x1.15625x5,True,True,500,4480000,0.00011160714285714285,
val_new,20,NU102,NU,data\images\NU102.nii.gz,data\masks\cyst_nu_102.nii.gz,True,True,512x352x35,512x352x35,512,352,35,512,352,35,6307840,6307840,0.625x0.625x5,0.625x0.625x5,True,True,426,6307840,6.753500405844155e-05,
val_new,21,CAD145,CAD,data\images\CAD145.nii.gz,data\masks\cyst_cad_145.nii.gz,True,True,256x256x44,256x256x44,256,256,44,256,256,44,2883584,2883584,1.09375x1.09375x4.39999,1.09375x1.09375x4.39999,True,True,1867,2883584,0.0006474581631747159,
val_new,22,NU13,NU,data\images\NU13.nii.gz,data\masks\cyst_nu_13.nii.gz,True,True,256x256x60,256x256x60,256,256,60,256,256,60,3932160,3932160,1.52344x1.52344x5,1.52344x1.52344x5,True,True,6197,3932160,0.0015759785970052083,
val_new,23,NU43,NU,data\images\NU43.nii.gz,data\masks\cyst_nu_43.nii.gz,True,True,320x260x34,320x260x34,320,260,34,320,260,34,2828800,2828800,1.125x1.125x7.2,1.125x1.125x7.2,True,True,286,2828800,0.00010110294117647059,
val_new,24,NYU0054,NYU,data\images\NYU0054.nii.gz,data\masks\cyst_nyu_0054.nii.gz,True,True,320x320x41,320x320x41,320,320,41,320,320,41,4198400,4198400,1.09375x1.09375x6,1.09375x1.09375x6,True,True,4543,4198400,0.001082078887195122,
val_new,25,CAD205,CAD,data\images\CAD205.nii.gz,data\masks\cyst_cad_205.nii.gz,True,True,256x256x30,256x256x30,256,256,30,256,256,30,1966080,1966080,1.09375x0.837402x4.4,1.09375x0.837402x4.4,True,True,5758,1966080,0.0029286702473958334,
val_new,26,EMC121,EMC,data\images\EMC121.nii.gz,data\masks\cyst_emc_121.nii.gz,True,True,512x512x37,512x512x37,512,512,37,512,512,37,9699328,9699328,0.8594x0.8594x6.59999,0.8594x0.8594x6.59999,True,True,3798,9699328,0.00039157351932010134,
val_new,27,NU68,NU,data\images\NU68.nii.gz,data\masks\cyst_nu_68.nii.gz,True,True,320x260x46,320x260x46,320,260,46,320,260,46,3827200,3827200,1.25x1.25x6,1.25x1.25x6,True,True,309,3827200,8.073787625418061e-05,
test,0,AHN54,AHN,data\images\AHN54.nii.gz,data\masks\cyst_ahn_54.nii.gz,True,True,320x320x27,320x320x27,320,320,27,320,320,27,2764800,2764800,1.125x1.125x7.8,1.125x1.125x7.8,True,True,2696,2764800,0.0009751157407407407,
test,1,NU63,NU,data\images\NU63.nii.gz,data\masks\cyst_nu_63.nii.gz,True,True,320x250x44,320x250x44,320,250,44,320,250,44,3520000,3520000,1.1875x1.1875x6,1.1875x1.1875x6,True,True,10,3520000,2.8409090909090907e-06,
test,2,EMC011,EMC,data\images\EMC011.nii.gz,data\masks\cyst_emc_011.nii.gz,True,True,512x512x32,512x512x32,512,512,32,512,512,32,8388608,8388608,0.7813x0.7813x6.59999,0.7813x0.7813x6.59999,True,True,137,8388608,1.633167266845703e-05,
test,3,NYU0123,NYU,data\images\NYU0123.nii.gz,data\masks\cyst_nyu_0123.nii.gz,True,True,320x244x30,320x244x30,320,244,30,320,244,30,2342400,2342400,1x1x7.79999,1x1x7.79999,True,True,715,2342400,0.0003052424863387978,
test,4,IU35,IU,data\images\IU35.nii.gz,data\masks\cyst_iu_35.nii.gz,True,True,336x336x28,336x336x28,336,336,28,336,336,28,3161088,3161088,1.14583x1.14583x8,1.14583x1.14583x8,True,True,2709,3161088,0.0008569834183673469,
test,5,NU88,NU,data\images\NU88.nii.gz,data\masks\cyst_nu_88.nii.gz,True,True,320x320x54,320x320x54,320,320,54,320,320,54,5529600,5529600,1.1875x1.1875x5,1.1875x1.1875x5,True,True,883,5529600,0.00015968605324074073,
test,6,EMC157,EMC,data\images\EMC157.nii.gz,data\masks\cyst_emc_157.nii.gz,True,True,512x512x32,512x512x32,512,512,32,512,512,32,8388608,8388608,0.8203x0.8203x6.6,0.8203x0.8203x6.6,True,True,132,8388608,1.5735626220703125e-05,
test,7,CAD316,CAD,data\images\CAD316.nii.gz,data\masks\cyst_cad_316.nii.gz,True,True,256x256x34,256x256x34,256,256,34,256,256,34,2228224,2228224,1.09375x1.09375x4.40001,1.09375x1.09375x4.40001,True,True,8506,2228224,0.003817389993106618,
test,8,IU59,IU,data\images\IU59.nii.gz,data\masks\cyst_iu_59.nii.gz,True,True,512x384x35,512x384x35,512,384,35,512,384,35,6881280,6881280,0.683594x0.683594x6.6,0.683594x0.683594x6.6,True,True,33927,6881280,0.004930332728794643,
test,9,NYU0165,NYU,data\images\NYU0165.nii.gz,data\masks\cyst_nyu_0165.nii.gz,True,True,320x320x41,320x320x41,320,320,41,320,320,41,4198400,4198400,1.01562x1.01562x6,1.01562x1.01562x6,True,True,710,4198400,0.00016911204268292682,
test,10,NU120,NU,data\images\NU120.nii.gz,data\masks\cyst_nu_120.nii.gz,True,True,320x320x52,320x320x52,320,320,52,320,320,52,5324800,5324800,1.1875x1.1875x5,1.1875x1.1875x5,True,True,313,5324800,5.878155048076923e-05,
test,11,CAD291,CAD,data\images\CAD291.nii.gz,data\masks\cyst_cad_291.nii.gz,True,True,256x256x30,256x256x30,256,256,30,256,256,30,1966080,1966080,1.17188x1.17188x4.4,1.17188x1.17188x4.4,True,True,1763,1966080,0.0008967081705729167,
test,12,AHN05,AHN,data\images\AHN05.nii.gz,data\masks\cyst_ahn_05.nii.gz,True,True,256x224x40,256x224x40,256,224,40,256,224,40,2293760,2293760,1.36719x1.36719x6.5,1.36719x1.36719x6.5,True,True,870,2293760,0.00037928989955357144,
test,13,NYU0136,NYU,data\images\NYU0136.nii.gz,data\masks\cyst_nyu_0136.nii.gz,True,True,256x256x55,256x256x55,256,256,55,256,256,55,3604480,3604480,1.46484x1.46484x4.4,1.46484x1.46484x4.4,True,True,1152,3604480,0.0003196022727272727,
test,14,NU157,NU,data\images\NU157.nii.gz,data\masks\cyst_nu_157.nii.gz,True,True,512x416x50,512x416x50,512,416,50,512,416,50,10649600,10649600,0.78125x0.78125x5,0.78125x0.78125x5,True,True,1170,10649600,0.00010986328125,
test,15,IU43,IU,data\images\IU43.nii.gz,data\masks\cyst_iu_43.nii.gz,True,True,512x416x36,512x416x36,512,416,36,512,416,36,7667712,7667712,0.703125x0.703125x6.6,0.703125x0.703125x6.6,True,True,5824,7667712,0.0007595486111111111,
test,16,EMC087,EMC,data\images\EMC087.nii.gz,data\masks\cyst_emc_087.nii.gz,True,True,384x384x35,384x384x35,384,384,35,384,384,35,5160960,5160960,0.976562x0.976562x6.6,0.976562x0.976562x6.6,True,True,10904,5160960,0.002112785218253968,
test,17,NYU0152,NYU,data\images\NYU0152.nii.gz,data\masks\cyst_nyu_0152.nii.gz,True,True,256x256x54,256x256x54,256,256,54,256,256,54,3538944,3538944,1.36719x1.36719x4.4,1.36719x1.36719x4.4,True,True,787,3538944,0.0002223827220775463,
test,18,MCA24,MCA,data\images\MCA24.nii.gz,data\masks\cyst_mca_24.nii.gz,True,True,512x512x30,512x512x30,512,512,30,512,512,30,7864320,7864320,0.7813x0.7813x7,0.7813x0.7813x7,True,True,893,7864320,0.00011355082194010416,
test,19,CAD159,CAD,data\images\CAD159.nii.gz,data\masks\cyst_cad_159.nii.gz,True,True,256x256x34,256x256x34,256,256,34,256,256,34,2228224,2228224,1.17188x1.17188x4.4,1.17188x1.17188x4.4,True,True,661,2228224,0.0002966488108915441,
test,20,NYU0058,NYU,data\images\NYU0058.nii.gz,data\masks\cyst_nyu_0058.nii.gz,True,True,320x320x50,320x320x50,320,320,50,320,320,50,5120000,5120000,1.1875x1.1875x4.8,1.1875x1.1875x4.8,True,True,2188,5120000,0.00042734375,
test,21,NU115,NU,data\images\NU115.nii.gz,data\masks\cyst_nu_115.nii.gz,True,True,384x312x44,384x312x44,384,312,44,384,312,44,5271552,5271552,0.989583x0.989583x6.00001,0.989583x0.989583x6.00001,True,True,332,5271552,6.297955516705517e-05,
test,22,CAD239,CAD,data\images\CAD239.nii.gz,data\masks\cyst_cad_239.nii.gz,True,True,256x256x32,256x256x32,256,256,32,256,256,32,2097152,2097152,1.09375x1.09375x4.4,1.09375x1.09375x4.4,True,True,3224,2097152,0.001537322998046875,
test,23,MCA75,MCA,data\images\MCA75.nii.gz,data\masks\cyst_mca_75.nii.gz,True,True,512x512x48,512x512x48,512,512,48,512,512,48,12582912,12582912,0.7813x0.7813x7,0.7813x0.7813x7,True,True,10375,12582912,0.0008245309193929037,
test,24,CAD289,CAD,data\images\CAD289.nii.gz,data\masks\cyst_cad_289.nii.gz,True,True,256x256x58,256x256x58,256,256,58,256,256,58,3801088,3801088,1.32812x1.32812x4.4,1.32812x1.32812x4.4,True,True,3119,3801088,0.0008205545359644396,
test,25,CAD113,CAD,data\images\CAD113.nii.gz,data\masks\cyst_cad_113.nii.gz,True,True,256x256x32,256x256x32,256,256,32,256,256,32,2097152,2097152,1.09375x0.820312x4.4,1.09375x0.820312x4.4,True,True,3291,2097152,0.0015692710876464844,
test,26,NYU0104,NYU,data\images\NYU0104.nii.gz,data\masks\cyst_nyu_0104.nii.gz,True,True,320x320x45,320x320x45,320,320,45,320,320,45,4608000,4608000,1.09375x1.09375x6,1.09375x1.09375x6,True,True,1848,4608000,0.0004010416666666667,
test,27,CAD128,CAD,data\images\CAD128.nii.gz,data\masks\cyst_cad_128.nii.gz,True,True,256x256x35,256x256x35,256,256,35,256,256,35,2293760,2293760,1.09375x0.888672x4.4,1.09375x0.888672x4.4,True,True,2858,2293760,0.0012459891183035714,
test,28,NYU0118,NYU,data\images\NYU0118.nii.gz,data\masks\cyst_nyu_0118.nii.gz,True,True,512x480x47,512x480x47,512,480,47,512,480,47,11550720,11550720,0.78125x0.78125x4,0.78125x0.78125x4,True,True,7688,11550720,0.0006655862145390071,
test,29,CAD235,CAD,data\images\CAD235.nii.gz,data\masks\cyst_cad_235.nii.gz,True,True,256x256x34,256x256x34,256,256,34,256,256,34,2228224,2228224,1.09375x1.09375x4.39999,1.09375x1.09375x4.39999,True,True,3044,2228224,0.001366110409007353,
test,30,NU79,NU,data\images\NU79.nii.gz,data\masks\cyst_nu_79.nii.gz,True,True,320x280x54,320x280x54,320,280,54,320,280,54,4838400,4838400,1.15625x1.15625x5,1.15625x1.15625x5,True,True,673,4838400,0.0001390955687830688,
test,31,EMC097,EMC,data\images\EMC097.nii.gz,data\masks\cyst_emc_097.nii.gz,True,True,528x528x25,528x528x25,528,528,25,528,528,25,6969600,6969600,0.710227x0.710227x8,0.710227x0.710227x8,True,True,29467,6969600,0.004227932736455464,
test,32,IU13,IU,data\images\IU13.nii.gz,data\masks\cyst_iu_13.nii.gz,True,True,512x512x45,512x512x45,512,512,45,512,512,45,11796480,11796480,0.771484x0.771484x6.6,0.771484x0.771484x6.6,True,True,3858,11796480,0.00032704671223958334,
test,33,CAD249,CAD,data\images\CAD249.nii.gz,data\masks\cyst_cad_249.nii.gz,True,True,256x256x38,256x256x38,256,256,38,256,256,38,2490368,2490368,1.09375x1.09375x4.39999,1.09375x1.09375x4.39999,True,True,8201,2490368,0.0032930876079358554,
test,34,EMC014,EMC,data\images\EMC014.nii.gz,data\masks\cyst_emc_014.nii.gz,True,True,256x192x27,256x192x27,256,192,27,256,192,27,1327104,1327104,1.36719x1.36719x10.8,1.36719x1.36719x10.8,True,True,3443,1327104,0.0025943709008487653,
test,35,IU66,IU,data\images\IU66.nii.gz,data\masks\cyst_iu_66.nii.gz,True,True,512x512x38,512x512x38,512,512,38,512,512,38,9961472,9961472,0.771484x0.771484x6.6,0.771484x0.771484x6.6,True,True,2978,9961472,0.00029895180150082235,
test,36,MCF24,MCF,data\images\MCF24.nii.gz,data\masks\cyst_mcf_24.nii.gz,True,True,320x320x32,320x320x32,320,320,32,320,320,32,3276800,3276800,0.90625x0.90625x4.4,0.90625x0.90625x4.4,True,True,6908,3276800,0.002108154296875,
test,37,MCF12,MCF,data\images\MCF12.nii.gz,data\masks\cyst_mcf_12.nii.gz,True,True,320x320x34,320x320x34,320,320,34,320,320,34,3481600,3481600,0.9375x0.9375x4.4,0.9375x0.9375x4.4,True,True,6591,3481600,0.0018930951286764705,
test,38,NYU0133,NYU,data\images\NYU0133.nii.gz,data\masks\cyst_nyu_0133.nii.gz,True,True,512x512x60,512x512x60,512,512,60,512,512,60,15728640,15728640,0.8594x0.8594x4.4,0.8594x0.8594x4.4,True,True,3450,15728640,0.0002193450927734375,
test,39,NU164,NU,data\images\NU164.nii.gz,data\masks\cyst_nu_164.nii.gz,True,True,512x512x61,512x512x61,512,512,61,512,512,61,15990784,15990784,0.722656x0.722656x5,0.722656x0.722656x5,True,True,3201,15990784,0.00020017780241419057,
test,40,AHN48,AHN,data\images\AHN48.nii.gz,data\masks\cyst_ahn_48.nii.gz,True,True,512x512x36,512x512x36,512,512,36,512,512,36,9437184,9437184,0.683594x0.683594x6.5,0.683594x0.683594x6.5,True,True,12809,9437184,0.0013572904798719618,
test,41,NYU0045,NYU,data\images\NYU0045.nii.gz,data\masks\cyst_nyu_0045.nii.gz,True,True,320x320x33,320x320x33,320,320,33,320,320,33,3379200,3379200,1.01562x1.01562x6,1.01562x1.01562x6,True,True,992,3379200,0.00029356060606060605,
test,42,CAD151,CAD,data\images\CAD151.nii.gz,data\masks\cyst_cad_151.nii.gz,True,True,256x256x44,256x256x44,256,256,44,256,256,44,2883584,2883584,1.13281x1.13281x4.40001,1.13281x1.13281x4.40001,True,True,5964,2883584,0.0020682594992897725,
test,43,CAD246,CAD,data\images\CAD246.nii.gz,data\masks\cyst_cad_246.nii.gz,True,True,256x256x37,256x256x37,256,256,37,256,256,37,2424832,2424832,1.09375x1.09375x4.4,1.09375x1.09375x4.4,True,True,1663,2424832,0.0006858207084037162,
test,44,EMC077,EMC,data\images\EMC077.nii.gz,data\masks\cyst_emc_077.nii.gz,True,True,512x512x32,512x512x32,512,512,32,512,512,32,8388608,8388608,0.9375x0.9375x6.0747,0.9375x0.9375x6.0747,True,True,185,8388608,2.205371856689453e-05,
test,45,NU141,NU,data\images\NU141.nii.gz,data\masks\cyst_nu_141.nii.gz,True,True,512x512x56,512x512x56,512,512,56,512,512,56,14680064,14680064,0.6055x0.6055x7.00001,0.6055x0.6055x7.00001,True,True,5283,14680064,0.0003598758152553013,
test,46,EMC043,EMC,data\images\EMC043.nii.gz,data\masks\cyst_emc_043.nii.gz,True,True,512x352x24,512x352x24,512,352,24,512,352,24,4325376,4325376,0.703125x0.703125x8.8,0.703125x0.703125x8.8,True,True,2369,4325376,0.0005476980498342803,
test,47,NU184,NU,data\images\NU184.nii.gz,data\masks\cyst_nu_184.nii.gz,True,True,320x296x54,320x296x54,320,296,54,320,296,54,5114880,5114880,1.1875x1.1875x5,1.1875x1.1875x5,True,True,75,5114880,1.46631006006006e-05,
test,48,NU71,NU,data\images\NU71.nii.gz,data\masks\cyst_nu_71.nii.gz,True,True,256x208x55,256x208x55,256,208,55,256,208,55,2928640,2928640,1.5625x1.5625x5,1.5625x1.5625x5,True,True,66,2928640,2.2536057692307694e-05,
test,49,NYU0025,NYU,data\images\NYU0025.nii.gz,data\masks\cyst_nyu_0025.nii.gz,True,True,320x320x46,320x320x46,320,320,46,320,320,46,4710400,4710400,1.09375x1.09375x5.99999,1.09375x1.09375x5.99999,True,True,6953,4710400,0.0014760954483695652,
test,50,IU76,IU,data\images\IU76.nii.gz,data\masks\cyst_iu_76.nii.gz,True,True,512x416x36,512x416x36,512,416,36,512,416,36,7667712,7667712,0.703125x0.703125x6.6,0.703125x0.703125x6.6,True,True,4425,7667712,0.000577095227363782,
test,51,NYU0076,NYU,data\images\NYU0076.nii.gz,data\masks\cyst_nyu_0076.nii.gz,True,True,320x270x40,320x270x40,320,270,40,320,270,40,3456000,3456000,1.09375x1.09375x6,1.09375x1.09375x6,True,True,16,3456000,4.6296296296296296e-06,
test,52,MCA10,MCA,data\images\MCA10.nii.gz,data\masks\cyst_mca_10.nii.gz,True,True,512x512x28,512x512x28,512,512,28,512,512,28,7340032,7340032,0.7031x0.7031x9,0.7031x0.7031x9,True,True,1197,7340032,0.00016307830810546875,
test,53,CAD110,CAD,data\images\CAD110.nii.gz,data\masks\cyst_cad_110.nii.gz,True,True,256x256x33,256x256x33,256,256,33,256,256,33,2162688,2162688,1.17188x1.17188x4.4,1.17188x1.17188x4.4,True,True,2092,2162688,0.0009673147490530303,
test,54,IU61,IU,data\images\IU61.nii.gz,data\masks\cyst_iu_61.nii.gz,True,True,512x416x40,512x416x40,512,416,40,512,416,40,8519680,8519680,0.703125x0.703125x6.6,0.703125x0.703125x6.6,True,True,772,8519680,9.061373197115385e-05,
test,55,NU28,NU,data\images\NU28.nii.gz,data\masks\cyst_nu_28.nii.gz,True,True,320x260x45,320x260x45,320,260,45,320,260,45,3744000,3744000,1.1875x1.1875x6,1.1875x1.1875x6,True,True,69,3744000,1.842948717948718e-05,
test,56,NYU0064,NYU,data\images\NYU0064.nii.gz,data\masks\cyst_nyu_0064.nii.gz,True,True,320x244x26,320x244x26,320,244,26,320,244,26,2030080,2030080,1.25x1.25x7.8,1.25x1.25x7.8,True,True,410,2030080,0.0002019624842370744,
test,57,NU188,NU,data\images\NU188.nii.gz,data\masks\cyst_nu_188.nii.gz,True,True,320x220x45,320x220x45,320,220,45,320,220,45,3168000,3168000,1.25x1.25x6,1.25x1.25x6,True,True,81,3168000,2.5568181818181817e-05,
test,58,NYU0082,NYU,data\images\NYU0082.nii.gz,data\masks\cyst_nyu_0082.nii.gz,True,True,320x320x40,320x320x40,320,320,40,320,320,40,4096000,4096000,1.09375x1.09375x6,1.09375x1.09375x6,True,True,917,4096000,0.000223876953125,
test,59,MCF05,MCF,data\images\MCF05.nii.gz,data\masks\cyst_mcf_05.nii.gz,True,True,320x320x38,320x320x38,320,320,38,320,320,38,3891200,3891200,0.90625x0.90625x4.4,0.90625x0.90625x4.4,True,True,23142,3891200,0.005947265625,
test,60,CAD222,CAD,data\images\CAD222.nii.gz,data\masks\cyst_cad_222.nii.gz,True,True,256x256x32,256x256x32,256,256,32,256,256,32,2097152,2097152,1.09375x1.09375x4.4,1.09375x1.09375x4.4,True,True,8491,2097152,0.004048824310302734,
test,61,NU03,NU,data\images\NU03.nii.gz,data\masks\cyst_nu_03.nii.gz,True,True,320x320x48,320x320x48,320,320,48,320,320,48,4915200,4915200,1.09375x1.09375x5,1.09375x1.09375x5,True,True,362,4915200,7.364908854166667e-05,
test,62,NU116,NU,data\images\NU116.nii.gz,data\masks\cyst_nu_116.nii.gz,True,True,256x256x48,256x256x48,256,256,48,256,256,48,3145728,3145728,1.44531x1.44531x5,1.44531x1.44531x5,True,True,114,3145728,3.62396240234375e-05,
test,63,CAD218,CAD,data\images\CAD218.nii.gz,data\masks\cyst_cad_218.nii.gz,True,True,256x256x36,256x256x36,256,256,36,256,256,36,2359296,2359296,1.17188x1.17188x4.95,1.17188x1.17188x4.95,True,True,16608,2359296,0.007039388020833333,
test,64,NU152,NU,data\images\NU152.nii.gz,data\masks\cyst_nu_152.nii.gz,True,True,512x512x32,512x512x32,512,512,32,512,512,32,8388608,8388608,0.7813x0.7813x7.00001,0.7813x0.7813x7.00001,True,True,291,8388608,3.4689903259277344e-05,
test,65,MCF27,MCF,data\images\MCF27.nii.gz,data\masks\cyst_mcf_27.nii.gz,True,True,320x320x40,320x320x40,320,320,40,320,320,40,4096000,4096000,0.90625x0.90625x4.4,0.90625x0.90625x4.4,True,True,45672,4096000,0.011150390625,
test,66,CAD262,CAD,data\images\CAD262.nii.gz,data\masks\cyst_cad_262.nii.gz,True,True,256x256x36,256x256x36,256,256,36,256,256,36,2359296,2359296,1.09375x1.09375x4.4,1.09375x1.09375x4.4,True,True,2092,2359296,0.0008867051866319445,
test,67,NU150,NU,data\images\NU150.nii.gz,data\masks\cyst_nu_150.nii.gz,True,True,320x260x36,320x260x36,320,260,36,320,260,36,2995200,2995200,1.1875x1.1875x6.6,1.1875x1.1875x6.6,True,True,784,2995200,0.00026175213675213677,
test,68,CAD141,CAD,data\images\CAD141.nii.gz,data\masks\cyst_cad_141.nii.gz,True,True,256x256x30,256x256x30,256,256,30,256,256,30,1966080,1966080,1.09375x0.837402x4.4,1.09375x0.837402x4.4,True,True,615,1966080,0.00031280517578125,
test,69,NU166,NU,data\images\NU166.nii.gz,data\masks\cyst_nu_166.nii.gz,True,True,320x270x51,320x270x51,320,270,51,320,270,51,4406400,4406400,0.9375x0.9375x4.8,0.9375x0.9375x4.8,True,True,466,4406400,0.00010575526506899055,
test,70,NYU0097,NYU,data\images\NYU0097.nii.gz,data\masks\cyst_nyu_0097.nii.gz,True,True,256x256x45,256x256x45,256,256,45,256,256,45,2949120,2949120,1.36719x1.36719x4.4,1.36719x1.36719x4.4,True,True,136,2949120,4.611545138888889e-05,
test,71,CAD241,CAD,data\images\CAD241.nii.gz,data\masks\cyst_cad_241.nii.gz,True,True,256x256x32,256x256x32,256,256,32,256,256,32,2097152,2097152,1.01562x1.01562x4.4,1.01562x1.01562x4.4,True,True,2382,2097152,0.0011358261108398438,
test,72,NU154,NU,data\images\NU154.nii.gz,data\masks\cyst_nu_154.nii.gz,True,True,512x512x50,512x512x50,512,512,50,512,512,50,13107200,13107200,0.664062x0.664062x5,0.664062x0.664062x5,True,True,912,13107200,6.9580078125e-05,
test,73,NYU0023,NYU,data\images\NYU0023.nii.gz,data\masks\cyst_nyu_0023.nii.gz,True,True,320x220x40,320x220x40,320,220,40,320,220,40,2816000,2816000,1.09375x1.09375x6.00001,1.09375x1.09375x6.00001,True,True,72,2816000,2.5568181818181817e-05,
